idx,question,db_id,gold_sql,difficulty,lora_sql,lora_correct,dora_sql,dora_correct,complexity_score,complexity_bucket
0,How many singers do we have?,concert_singer,SELECT count(*) FROM singer,,SELECT count(*) FROM singer,True,SELECT count(*) FROM singer,True,1,moderate
1,What is the total number of singers?,concert_singer,SELECT count(*) FROM singer,,SELECT count(*) FROM singer,True,SELECT count(*) FROM singer,True,1,moderate
2,"Show name, country, age for all singers ordered by age from the oldest to the youngest.",concert_singer,"SELECT name ,  country ,  age FROM singer ORDER BY age DESC",,"SELECT name ,  country ,  age FROM singer ORDER BY age DESC",True,"SELECT Name ,  Country ,  Age FROM singer ORDER BY Age DESC",True,0,simple
3,"What are the names, countries, and ages for every singer in descending order of age?",concert_singer,"SELECT name ,  country ,  age FROM singer ORDER BY age DESC",,"SELECT Name ,  Country ,  Age FROM singer ORDER BY Age DESC",True,"SELECT Name ,  Country ,  Age FROM singer ORDER BY Age DESC",True,0,simple
4,"What is the average, minimum, and maximum age of all singers from France?",concert_singer,"SELECT avg(age) ,  min(age) ,  max(age) FROM singer WHERE country  =  'France'",,"SELECT avg(Age) ,  min(Age) ,  max(Age) FROM singer WHERE Country  =  'France'",True,"SELECT avg(Age) ,  min(Age) ,  max(Age) FROM singer WHERE Country  =  'France'",True,3,complex
5,"What is the average, minimum, and maximum age for all French singers?",concert_singer,"SELECT avg(age) ,  min(age) ,  max(age) FROM singer WHERE country  =  'France'",,"SELECT avg(Age) ,  min(Age) ,  max(Age) FROM singer WHERE Country  =  ""French""",False,"SELECT avg(Age) ,  min(Age) ,  max(Age) FROM singer WHERE Country  =  'French'",False,3,complex
6,Show the name and the release year of the song by the youngest singer.,concert_singer,"SELECT song_name ,  song_release_year FROM singer ORDER BY age LIMIT 1",,"SELECT T2.Song_Name ,  T2.Song_release_year FROM concert AS T1 JOIN singer_in_concert AS T2 ON T1.concert_ID  =  T2.concert_ID JOIN singer AS T3 ON T2.Singer_ID  =  T3.Singer_ID ORDER BY T3.Age LIMIT 1",False,"SELECT T2.Song_Name ,  T2.Song_release_year FROM singer AS T1 JOIN concert AS T2 ON T1.Singer_ID  =  T2.concert_ID WHERE T1.Age  =  (SELECT MIN(T3.Age) FROM singer AS T3)",False,0,simple
7,What are the names and release years for all the songs of the youngest singer?,concert_singer,"SELECT song_name ,  song_release_year FROM singer ORDER BY age LIMIT 1",,"SELECT T2.name ,  T2.release_year FROM concert AS T1 JOIN singer_in_concert AS T2 ON T1.concert_ID  =  T2.concert_ID JOIN singer AS T3 ON T2.Singer_ID  =  T3.Singer_ID ORDER BY T3.age LIMIT 1",False,"SELECT T2.name ,  T2.song_release_year FROM singer AS T1 JOIN concert AS T2 ON T1.singer_id  =  T2.concert_id WHERE T1.age  =  (SELECT MIN(age) FROM singer)",False,0,simple
8,What are all distinct countries where singers above age 20 are from?,concert_singer,SELECT DISTINCT country FROM singer WHERE age  >  20,,SELECT DISTINCT T2.Country FROM concert AS T1 JOIN singer AS T2 ON T1.Stadium_ID  =  T2.Stadium_ID JOIN singer_in_concert AS T3 ON T1.concert_ID  =  T3.concert_ID WHERE T3.Singer_ID  =  (SELECT Singer_ID FROM singer WHERE Age  >  20),False,SELECT DISTINCT T1.Country FROM singer AS T1 JOIN concert AS T2 ON T1.Singer_ID  =  T2.concert_ID WHERE T1.Age  >  20,True,0,simple
9,What are  the different countries with singers above age 20?,concert_singer,SELECT DISTINCT country FROM singer WHERE age  >  20,,SELECT Country FROM singer WHERE Age  >  20,True,SELECT DISTINCT T1.Country FROM singer AS T1 JOIN concert AS T2 ON T1.Singer_ID  =  T2.concert_ID WHERE T1.Age  >  20,True,0,simple
10,Show all countries and the number of singers in each country.,concert_singer,"SELECT country ,  count(*) FROM singer GROUP BY country",,"SELECT Country ,  count(*) FROM singer GROUP BY Country",True,"SELECT Country ,  COUNT(*) FROM singer GROUP BY Country",True,2,moderate
11,How many singers are from each country?,concert_singer,"SELECT country ,  count(*) FROM singer GROUP BY country",,"SELECT Country ,  count(*) FROM singer GROUP BY Country",True,"SELECT Country ,  COUNT(*) FROM singer GROUP BY Country",True,2,moderate
12,List all song names by singers above the average age.,concert_singer,SELECT song_name FROM singer WHERE age  >  (SELECT avg(age) FROM singer),,SELECT T2.song_name FROM concert AS T1 JOIN singer_in_concert AS T2 ON T1.concert_id  =  T2.concert_id JOIN singer AS T3 ON T2.singer_id  =  T3.singer_id WHERE T3.age  >  30,False,SELECT T1.Song_Name FROM concert AS T1 JOIN singer AS T2 ON T1.concert_ID  =  T2.concert_ID JOIN singer_in_concert AS T3 ON T1.concert_ID  =  T3.concert_ID JOIN singer AS T4 ON T3.Singer_ID  =  T4.Singer_ID WHERE T4.Age  >  20,False,2,moderate
13,What are all the song names by singers who are older than average?,concert_singer,SELECT song_name FROM singer WHERE age  >  (SELECT avg(age) FROM singer),,SELECT T2.song_name FROM concert AS T1 JOIN singer_in_concert AS T2 ON T1.concert_id  =  T2.concert_id JOIN singer AS T3 ON T2.singer_id  =  T3.singer_id WHERE T3.age  >  T3.average,False,SELECT T2.Song_Name FROM concert AS T1 JOIN singer AS T2 ON T1.concert_ID  =  T2.concert_ID JOIN singer_in_concert AS T3 ON T1.concert_ID  =  T3.concert_ID JOIN singer AS T4 ON T3.Singer_ID  =  T4.Singer_ID WHERE T4.Age  >  10,False,2,moderate
14,Show location and name for all stadiums with a capacity between 5000 and 10000.,concert_singer,"SELECT LOCATION ,  name FROM stadium WHERE capacity BETWEEN 5000 AND 10000",,"SELECT LOCATION ,  NAME FROM STADIUM WHERE CAPACITY BETWEEN 5000 AND 10000",True,"SELECT Location ,  Name FROM stadium WHERE Capacity BETWEEN 5000 AND 10000",True,1,moderate
15,What are the locations and names of all stations with capacity between 5000 and 10000?,concert_singer,"SELECT LOCATION ,  name FROM stadium WHERE capacity BETWEEN 5000 AND 10000",,"SELECT LOCATION ,  NAME FROM STADIUM WHERE CAPACITY BETWEEN 5000 AND 10000",True,"SELECT Location ,  Name FROM stadium WHERE Capacity BETWEEN 5000 AND 10000",True,1,moderate
16,What is the maximum capacity and the average of all stadiums ?,concert_singer,"select max(capacity), average from stadium",,"SELECT max(capacity) ,  avg(capacity) FROM stadium",False,"SELECT max(capacity) ,  avg(highest) FROM stadium",False,1,moderate
17,What is the average and maximum capacities for all stadiums ?,concert_singer,"select avg(capacity) ,  max(capacity) from stadium",,"SELECT avg(capacity) ,  max(capacity) FROM stadium",True,"SELECT avg(capacity) ,  max(capacity) FROM stadium",True,2,moderate
18,What is the name and capacity for the stadium with highest average attendance?,concert_singer,"SELECT name ,  capacity FROM stadium ORDER BY average DESC LIMIT 1",,"SELECT T1.name ,  T1.capacity FROM stadium AS T1 JOIN concert AS T2 ON T1.stadium_id  =  T2.stadium_id GROUP BY T2.stadium_id ORDER BY avg DESC LIMIT 1",False,"SELECT T1.Name ,  T1.Capacity FROM stadium AS T1 JOIN concert AS T2 ON T1.Stadium_ID  =  T2.Stadium_ID WHERE T1.Average  =  (SELECT MAX(T3.Average) FROM stadium AS T3)",True,0,simple
19,What is the name and capacity for the stadium with the highest average attendance?,concert_singer,"SELECT name ,  capacity FROM stadium ORDER BY average DESC LIMIT 1",,"SELECT T1.name ,  T1.capacity FROM stadium AS T1 JOIN concert AS T2 ON T1.stadium_id  =  T2.stadium_id GROUP BY T2.stadium_id ORDER BY avg DESC LIMIT 1",False,"SELECT T1.Name ,  T1.Capacity FROM stadium AS T1 JOIN concert AS T2 ON T1.Stadium_ID  =  T2.Stadium_ID ORDER BY T1.Average DESC LIMIT 1",True,0,simple
20,How many concerts are there in year 2014 or 2015?,concert_singer,SELECT count(*) FROM concert WHERE YEAR  =  2014 OR YEAR  =  2015,,SELECT count(*) FROM concert WHERE YEAR(concert_ID) BETWEEN 2014 AND 2015,False,SELECT count(*) FROM concert WHERE YEAR(concert_ID)  =  2014 OR YEAR(concert_ID)  =  2015,False,2,moderate
21,How many concerts occurred in 2014 or 2015?,concert_singer,SELECT count(*) FROM concert WHERE YEAR  =  2014 OR YEAR  =  2015,,SELECT count(*) FROM concert WHERE YEAR(concert_ID) BETWEEN 2014 AND 2015,False,SELECT count(*) FROM concert WHERE YEAR(concert_ID)  =  2014 OR YEAR(concert_ID)  =  2015,False,2,moderate
22,Show the stadium name and the number of concerts in each stadium.,concert_singer,"SELECT T2.name ,  count(*) FROM concert AS T1 JOIN stadium AS T2 ON T1.stadium_id  =  T2.stadium_id GROUP BY T1.stadium_id",,"SELECT T1.Name ,  count(*) FROM stadium AS T1 JOIN concert AS T2 ON T1.Stadium_ID  =  T2.Stadium_ID GROUP BY T1.Stadium_ID",True,"SELECT T1.Name ,  count(*) FROM stadium AS T1 JOIN concert AS T2 ON T1.Stadium_ID  =  T2.Stadium_ID GROUP BY T1.Stadium_ID",True,3,complex
23,"For each stadium, how many concerts play there?",concert_singer,"SELECT T2.name ,  count(*) FROM concert AS T1 JOIN stadium AS T2 ON T1.stadium_id  =  T2.stadium_id GROUP BY T1.stadium_id",,"SELECT count(*) ,  T1.Stadium_ID FROM stadium AS T1 JOIN concert AS T2 ON T1.Stadium_ID  =  T2.Stadium_ID GROUP BY T1.Stadium_ID",False,"SELECT count(*) ,  T1.Location FROM stadium AS T1 JOIN concert AS T2 ON T1.Stadium_ID  =  T2.Stadium_ID GROUP BY T1.Location",False,3,complex
24,Show the stadium name and capacity with most number of concerts in year 2014 or after.,concert_singer,"SELECT T2.name ,  T2.capacity FROM concert AS T1 JOIN stadium AS T2 ON T1.stadium_id  =  T2.stadium_id WHERE T1.year  >=  2014 GROUP BY T2.stadium_id ORDER BY count(*) DESC LIMIT 1",,"SELECT T1.Name ,  T1.Capacity FROM stadium AS T1 JOIN concert AS T2 ON T1.Stadium_ID  =  T2.Stadium_ID WHERE T2.Year  >=  2014 GROUP BY T1.Stadium_ID ORDER BY count(*) DESC LIMIT 1",True,"SELECT T1.Name ,  T1.Capacity FROM stadium AS T1 JOIN concert AS T2 ON T1.Stadium_ID  =  T2.Stadium_ID WHERE T2.Year  >=  2014 GROUP BY T1.Stadium_ID ORDER BY count(*) DESC LIMIT 1",True,3,complex
25,What is the name and capacity of the stadium with the most concerts after 2013 ?,concert_singer,"select t2.name ,  t2.capacity from concert as t1 join stadium as t2 on t1.stadium_id  =  t2.stadium_id where t1.year  >  2013 group by t2.stadium_id order by count(*) desc limit 1",,"SELECT T1.name ,  T1.capacity FROM stadium AS T1 JOIN concert AS T2 ON T1.stadium_id  =  T2.stadium_id WHERE T2.year  >  2013 GROUP BY T1.stadium_id ORDER BY count(*) DESC LIMIT 1",True,"SELECT T1.Name ,  T1.Capacity FROM stadium AS T1 JOIN concert AS T2 ON T1.Stadium_ID  =  T2.Stadium_ID WHERE T2.Year  >  2013 GROUP BY T1.Stadium_ID ORDER BY count(*) DESC LIMIT 1",True,3,complex
26,Which year has most number of concerts?,concert_singer,SELECT YEAR FROM concert GROUP BY YEAR ORDER BY count(*) DESC LIMIT 1,,SELECT year FROM concert GROUP BY year ORDER BY count(*) DESC LIMIT 1,True,SELECT Year FROM concert GROUP BY Year ORDER BY count(*) DESC LIMIT 1,True,2,moderate
27,What is the year that had the most concerts?,concert_singer,SELECT YEAR FROM concert GROUP BY YEAR ORDER BY count(*) DESC LIMIT 1,,SELECT year FROM concert GROUP BY year ORDER BY count(*) DESC LIMIT 1,True,SELECT Year FROM concert GROUP BY Year ORDER BY count(*) DESC LIMIT 1,True,2,moderate
28,Show the stadium names without any concert.,concert_singer,SELECT name FROM stadium WHERE stadium_id NOT IN (SELECT stadium_id FROM concert),,SELECT T1.Name FROM stadium AS T1 JOIN concert AS T2 ON T1.Stadium_ID  =  T2.Stadium_ID EXCEPT SELECT T1.Name FROM stadium AS T1 JOIN concert AS T2 ON T1.Stadium_ID  =  T2.Stadium_ID,False,SELECT T1.Name FROM stadium AS T1 JOIN concert AS T2 ON T1.Stadium_ID  =  T2.Stadium_ID EXCEPT SELECT T1.Name FROM stadium AS T1 JOIN concert AS T2 ON T1.Stadium_ID  =  T2.Stadium_ID,False,1,moderate
29,What are the names of the stadiums without any concerts?,concert_singer,SELECT name FROM stadium WHERE stadium_id NOT IN (SELECT stadium_id FROM concert),,SELECT T1.Name FROM stadium AS T1 JOIN concert AS T2 ON T1.Stadium_ID  =  T2.Stadium_ID EXCEPT SELECT T1.Name FROM stadium AS T1 JOIN concert AS T2 ON T1.Stadium_ID  =  T2.Stadium_ID,False,SELECT T1.Name FROM stadium AS T1 JOIN concert AS T2 ON T1.Stadium_ID  =  T2.Stadium_ID EXCEPT SELECT T1.Name FROM stadium AS T1 JOIN concert AS T2 ON T1.Stadium_ID  =  T2.Stadium_ID,False,1,moderate
30,Show countries where a singer above age 40 and a singer below 30 are from.,concert_singer,SELECT country FROM singer WHERE age  >  40 INTERSECT SELECT country FROM singer WHERE age  <  30,,SELECT Country FROM singer WHERE Age  >  40 INTERSECT SELECT Country FROM singer WHERE Age  <  30,True,SELECT Country FROM singer WHERE Age  >  40 UNION SELECT Country FROM singer WHERE Age  <  30,False,2,moderate
31,Show names for all stadiums except for stadiums having a concert in year 2014.,concert_singer,SELECT name FROM stadium EXCEPT SELECT T2.name FROM concert AS T1 JOIN stadium AS T2 ON T1.stadium_id  =  T2.stadium_id WHERE T1.year  =  2014,,SELECT T1.Name FROM stadium AS T1 JOIN concert AS T2 ON T1.Stadium_ID  =  T2.Stadium_ID WHERE T2.Year  !=  2014,False,SELECT T1.Name FROM stadium AS T1 JOIN concert AS T2 ON T1.Stadium_ID  =  T2.Stadium_ID EXCEPT SELECT T1.Name FROM stadium AS T1 JOIN concert AS T2 ON T1.Stadium_ID  =  T2.Stadium_ID WHERE T2.Year  =  2014,False,3,complex
32,What are the names of all stadiums that did not have a concert in 2014?,concert_singer,SELECT name FROM stadium EXCEPT SELECT T2.name FROM concert AS T1 JOIN stadium AS T2 ON T1.stadium_id  =  T2.stadium_id WHERE T1.year  =  2014,,SELECT T1.Name FROM stadium AS T1 JOIN concert AS T2 ON T1.Stadium_ID  =  T2.Stadium_ID WHERE T2.Year  !=  2014,False,SELECT T1.Name FROM stadium AS T1 JOIN concert AS T2 ON T1.Stadium_ID  =  T2.Stadium_ID WHERE T2.Year  !=  2014,False,3,complex
33,Show the name and theme for all concerts and the number of singers in each concert.,concert_singer,"SELECT T2.concert_name ,  T2.theme ,  count(*) FROM singer_in_concert AS T1 JOIN concert AS T2 ON T1.concert_id  =  T2.concert_id GROUP BY T2.concert_id",,"SELECT T1.concert_name ,  T1.theme ,  count(*) FROM concert AS T1 JOIN singer_in_concert AS T2 ON T1.concert_id  =  T2.concert_id GROUP BY T1.concert_name",False,"SELECT T1.concert_Name ,  T2.theme ,  count(*) FROM concert AS T1 JOIN singer_in_concert AS T2 ON T1.concert_ID  =  T2.concert_ID GROUP BY T1.concert_Name",False,3,complex
34,"What are the names , themes , and number of singers for every concert ?",concert_singer,"select t2.concert_name ,  t2.theme ,  count(*) from singer_in_concert as t1 join concert as t2 on t1.concert_id  =  t2.concert_id group by t2.concert_id",,"SELECT T1.concert_name ,  T1.theme ,  count(*) FROM concert AS T1 JOIN singer_in_concert AS T2 ON T1.concert_id  =  T2.concert_id GROUP BY T1.concert_name",False,"SELECT T1.concert_Name ,  T1.theme ,  count(*) FROM concert AS T1 JOIN singer_in_concert AS T2 ON T1.concert_ID  =  T2.concert_ID GROUP BY T1.concert_Name",False,3,complex
35,List singer names and number of concerts for each singer.,concert_singer,"SELECT T2.name ,  count(*) FROM singer_in_concert AS T1 JOIN singer AS T2 ON T1.singer_id  =  T2.singer_id GROUP BY T2.singer_id",,"SELECT T1.name ,  count(*) FROM concert AS T1 JOIN singer_in_concert AS T2 ON T1.concert_id  =  T2.concert_id GROUP BY T1.name",False,"SELECT T1.Name ,  count(*) FROM concert AS T1 JOIN singer AS T2 ON T1.concert_ID  =  T2.concert_ID GROUP BY T2.Name",False,3,complex
36,What are the names of the singers and number of concerts for each person?,concert_singer,"SELECT T2.name ,  count(*) FROM singer_in_concert AS T1 JOIN singer AS T2 ON T1.singer_id  =  T2.singer_id GROUP BY T2.singer_id",,"SELECT T1.name ,  count(*) FROM concert AS T1 JOIN singer_in_concert AS T2 ON T1.concert_id  =  T2.concert_id GROUP BY T1.name",False,"SELECT T1.name ,  count(*) FROM concert AS T1 JOIN singer AS T2 ON T1.concert_ID  =  T2.concert_ID GROUP BY T2.concert_ID",False,3,complex
37,List all singer names in concerts in year 2014.,concert_singer,SELECT T2.name FROM singer_in_concert AS T1 JOIN singer AS T2 ON T1.singer_id  =  T2.singer_id JOIN concert AS T3 ON T1.concert_id  =  T3.concert_id WHERE T3.year  =  2014,,SELECT T1.Name FROM concert AS T1 JOIN singer_in_concert AS T2 ON T1.concert_ID  =  T2.concert_ID WHERE T1.Year  =  2014,False,SELECT T1.Name FROM concert AS T1 JOIN singer_in_concert AS T2 ON T1.concert_ID  =  T2.concert_ID JOIN singer AS T3 ON T2.Singer_ID  =  T3.Singer_ID WHERE T1.Year  =  2014,False,2,moderate
38,What are the names of the singers who performed in a concert in 2014?,concert_singer,SELECT T2.name FROM singer_in_concert AS T1 JOIN singer AS T2 ON T1.singer_id  =  T2.singer_id JOIN concert AS T3 ON T1.concert_id  =  T3.concert_id WHERE T3.year  =  2014,,SELECT T2.Name FROM concert AS T1 JOIN singer_in_concert AS T2 ON T1.concert_ID  =  T2.concert_ID JOIN singer AS T3 ON T2.Singer_ID  =  T3.Singer_ID WHERE T1.Year  =  2014,False,SELECT T2.Name FROM concert AS T1 JOIN singer_in_concert AS T2 ON T1.concert_ID  =  T2.concert_ID WHERE T1.Year  =  2014,False,2,moderate
39,what is the name and nation of the singer who have a song having 'Hey' in its name?,concert_singer,"SELECT name ,  country FROM singer WHERE song_name LIKE '%Hey%'",,"SELECT T1.name ,  T2.nation FROM singer AS T1 JOIN concert AS T2 ON T1.singer_id  =  T2.singer_id WHERE T1.song_name LIKE '%Hey%'",False,"SELECT T1.Name ,  T1.Country FROM singer AS T1 JOIN concert AS T2 ON T1.Singer_ID  =  T2.concert_ID WHERE T2.song_name  =  'Hey'",False,0,simple
40,What is the name and country of origin of every singer who has a song with the word 'Hey' in its title?,concert_singer,"SELECT name ,  country FROM singer WHERE song_name LIKE '%Hey%'",,"SELECT T2.Name ,  T2.Country FROM singer AS T1 JOIN concert AS T2 ON T1.Singer_ID  =  T2.Singer_ID JOIN song AS T3 ON T2.concert_ID  =  T3.concert_ID WHERE T3.title LIKE '%Hey%'",False,"SELECT T2.Name ,  T2.Country FROM singer AS T1 JOIN song AS T2 ON T1.Singer_ID  =  T2.Singer_ID WHERE T2.song_name LIKE '%Hey%'",False,0,simple
41,Find the name and location of the stadiums which some concerts happened in the years of both 2014 and 2015.,concert_singer,"SELECT T2.name ,  T2.location FROM concert AS T1 JOIN stadium AS T2 ON T1.stadium_id  =  T2.stadium_id WHERE T1.Year  =  2014 INTERSECT SELECT T2.name ,  T2.location FROM concert AS T1 JOIN stadium AS T2 ON T1.stadium_id  =  T2.stadium_id WHERE T1.Year  =  2015",,"SELECT T1.Name ,  T1.Location FROM stadium AS T1 JOIN concert AS T2 ON T1.Stadium_ID  =  T2.Stadium_ID WHERE T2.Year  =  2014 INTERSECT SELECT T1.Name ,  T1.Location FROM stadium AS T1 JOIN concert AS T2 ON T1.Stadium_ID  =  T2.Stadium_ID WHERE T2.Year  =  2015",True,"SELECT T1.Name ,  T1.Location FROM stadium AS T1 JOIN concert AS T2 ON T1.Stadium_ID  =  T2.Stadium_ID WHERE T2.Year  =  2014 INTERSECT WHERE T2.Year  =  2015",False,4,complex
42,What are the names and locations of the stadiums that had concerts that occurred in both 2014 and 2015?,concert_singer,"SELECT T2.name ,  T2.location FROM concert AS T1 JOIN stadium AS T2 ON T1.stadium_id  =  T2.stadium_id WHERE T1.Year  =  2014 INTERSECT SELECT T2.name ,  T2.location FROM concert AS T1 JOIN stadium AS T2 ON T1.stadium_id  =  T2.stadium_id WHERE T1.Year  =  2015",,"SELECT T1.Name ,  T1.Location FROM stadium AS T1 JOIN concert AS T2 ON T1.Stadium_ID  =  T2.Stadium_ID WHERE T2.Year  =  2014 INTERSECT SELECT T1.Name ,  T1.Location FROM stadium AS T1 JOIN concert AS T2 ON T1.Stadium_ID  =  T2.Stadium_ID WHERE T2.Year  =  2015",True,"SELECT T1.Name ,  T1.Location FROM stadium AS T1 JOIN concert AS T2 ON T1.Stadium_ID  =  T2.Stadium_ID WHERE T2.Year  =  2014 INTERSECT SELECT T1.Name ,  T1.Location FROM stadium AS T1 JOIN concert AS T2 ON T1.Stadium_ID  =  T2.Stadium_ID WHERE T2.Year  =  2015",True,4,complex
43,Find the number of concerts happened in the stadium with the highest capacity .,concert_singer,select count(*) from concert where stadium_id = (select stadium_id from stadium order by capacity desc limit 1),,SELECT count(*) FROM stadium AS T1 JOIN concert AS T2 ON T1.Stadium_ID  =  T2.Stadium_ID WHERE T1.Capacity  =  (SELECT max(capacity) FROM stadium),True,SELECT count(*) FROM concert WHERE Stadium_ID  =  (SELECT max(capacity) FROM stadium),True,2,moderate
44,What are the number of concerts that occurred in the stadium with the largest capacity ?,concert_singer,select count(*) from concert where stadium_id = (select stadium_id from stadium order by capacity desc limit 1),,SELECT count(*) FROM concert WHERE stadium_id  =  (SELECT stadium_id FROM stadium ORDER BY capacity DESC LIMIT 1),True,SELECT count(*) FROM concert WHERE Stadium_ID  =  (SELECT max(capacity) FROM stadium),True,2,moderate
45,Find the number of pets whose weight is heavier than 10.,pets_1,SELECT count(*) FROM pets WHERE weight  >  10,,SELECT count(*) FROM pets WHERE pet_weight  >  10,False,SELECT count(*) FROM pets WHERE weight  >  10,True,1,moderate
46,How many pets have a greater weight than 10?,pets_1,SELECT count(*) FROM pets WHERE weight  >  10,,SELECT count(*) FROM pets WHERE pet_weight  >  10,False,SELECT count(*) FROM pets WHERE weight  >  10,True,1,moderate
47,Find the weight of the youngest dog.,pets_1,SELECT weight FROM pets ORDER BY pet_age LIMIT 1,,SELECT min(T2.weight) FROM pets AS T1 JOIN has_pet AS T2 ON T1.petid  =  T2.petid GROUP BY T1.pettype,False,"SELECT weight FROM pets WHERE pet_type  =  ""Dog"" ORDER BY age ASC LIMIT 1",False,0,simple
48,How much does the youngest dog weigh?,pets_1,SELECT weight FROM pets ORDER BY pet_age LIMIT 1,,SELECT min(t2.weight) FROM pets AS t1 JOIN has_pet AS t2 ON t1.petid  =  t2.petid WHERE t1.pettype  =  'Dog',False,SELECT min(T2.weight) FROM Pets AS T1 JOIN Has_pet AS T2 ON T1.petid  =  T2.petid WHERE T1.pettype  =  'Dog',False,0,simple
49,Find the maximum weight for each type of pet. List the maximum weight and pet type.,pets_1,"SELECT max(weight) ,  petType FROM pets GROUP BY petType",,"SELECT max(weight) ,  pet_type FROM Pets GROUP BY pet_type",False,"SELECT max(weight) ,  pet_type FROM Pets GROUP BY pet_type",False,2,moderate
50,List the maximum weight and type for each type of pet.,pets_1,"SELECT max(weight) ,  petType FROM pets GROUP BY petType",,"SELECT max(weight) ,  pet_type FROM Pets GROUP BY pet_type",False,"SELECT max(weight) ,  pet_type FROM Pets GROUP BY pet_type",False,2,moderate
51,Find number of pets owned by students who are older than 20.,pets_1,SELECT count(*) FROM student AS T1 JOIN has_pet AS T2 ON T1.stuid  =  T2.stuid WHERE T1.age  >  20,,SELECT count(*) FROM pets AS T1 JOIN has_pet AS T2 ON T1.petid  =  T2.petid WHERE T1.age  >  20,False,SELECT count(*) FROM pets AS T1 JOIN student AS T2 ON T1.stuID  =  T2.stuID WHERE T2.age  >  20,False,2,moderate
52,How many pets are owned by students that have an age greater than 20?,pets_1,SELECT count(*) FROM student AS T1 JOIN has_pet AS T2 ON T1.stuid  =  T2.stuid WHERE T1.age  >  20,,SELECT count(*) FROM pets AS T1 JOIN has_pet AS T2 ON T1.petid  =  T2.petid WHERE T1.age  >  20,False,SELECT count(*) FROM pets AS T1 JOIN student AS T2 ON T1.stuid  =  T2.stuid WHERE T2.age  >  20,False,2,moderate
53,Find the number of dog pets that are raised by female students (with sex F).,pets_1,SELECT count(*) FROM student AS T1 JOIN has_pet AS T2 ON T1.stuid  =  T2.stuid JOIN pets AS T3 ON T2.petid  =  T3.petid WHERE T1.sex  =  'F' AND T3.pettype  =  'dog',,"SELECT count(*) FROM pets AS T1 JOIN has_pet AS T2 ON T1.petid  =  T2.petid WHERE T1.pettype  =  ""dog"" AND T2.sex  =  ""F""",False,SELECT count(*) FROM pets AS T1 JOIN student AS T2 ON T1.petid  =  T2.stuid WHERE T2.sex  =  'F' AND T1.pettype  =  'Dog',False,4,complex
54,How many dog pets are raised by female students?,pets_1,SELECT count(*) FROM student AS T1 JOIN has_pet AS T2 ON T1.stuid  =  T2.stuid JOIN pets AS T3 ON T2.petid  =  T3.petid WHERE T1.sex  =  'F' AND T3.pettype  =  'dog',,"SELECT count(*) FROM pets AS T1 JOIN has_pet AS T2 ON T1.petid  =  T2.petid WHERE T1.pettype  =  ""Dog"" AND T2.sex  =  ""Female""",False,SELECT count(*) FROM pets AS T1 JOIN student AS T2 ON T1.petid  =  T2.stuid WHERE T2.sex  =  'F' AND T1.pettype  =  'Dog',False,4,complex
55,Find the number of distinct type of pets.,pets_1,SELECT count(DISTINCT pettype) FROM pets,,SELECT count(DISTINCT pet_type) FROM Pets,False,SELECT count(DISTINCT pet_type) FROM Pets,False,1,moderate
56,How many different types of pet are there?,pets_1,SELECT count(DISTINCT pettype) FROM pets,,SELECT count(DISTINCT pet_type) FROM Pets,False,SELECT count(DISTINCT pet_type) FROM Pets,False,1,moderate
57,Find the first name of students who have cat or dog pet.,pets_1,SELECT DISTINCT T1.Fname FROM student AS T1 JOIN has_pet AS T2 ON T1.stuid  =  T2.stuid JOIN pets AS T3 ON T3.petid  =  T2.petid WHERE T3.pettype  =  'cat' OR T3.pettype  =  'dog',,SELECT T1.Fname FROM Student AS T1 JOIN Has_pet AS T2 ON T1.StuID  =  T2.StuID WHERE T2.PetID  =  'cat' UNION SELECT T1.Fname FROM Student AS T1 JOIN Has_pet AS T2 ON T1.StuID  =  T2.StuID WHERE T2.PetID  =  'dog',False,"SELECT Fname FROM Student WHERE PetType  =  ""cat"" OR PetType  =  ""dog""",False,3,complex
58,What are the first names of every student who has a cat or dog as a pet?,pets_1,SELECT DISTINCT T1.Fname FROM student AS T1 JOIN has_pet AS T2 ON T1.stuid  =  T2.stuid JOIN pets AS T3 ON T3.petid  =  T2.petid WHERE T3.pettype  =  'cat' OR T3.pettype  =  'dog',,SELECT T1.FNAME FROM Student AS T1 JOIN Has_pet AS T2 ON T1.StuID  =  T2.StuID WHERE T2.PetID  =  'cat' UNION SELECT T1.FNAME FROM Student AS T1 JOIN Has_pet AS T2 ON T1.StuID  =  T2.StuID WHERE T2.PetID  =  'dog',False,SELECT T1.Fname FROM Student AS T1 JOIN Has_pet AS T2 ON T1.StuID  =  T2.StuID WHERE T2.pet_type  =  'Cat' OR T2.pet_type  =  'Dog',False,3,complex
59,Find the first name of students who have both cat and dog pets .,pets_1,select t1.fname from student as t1 join has_pet as t2 on t1.stuid  =  t2.stuid join pets as t3 on t3.petid  =  t2.petid where t3.pettype  =  'cat' intersect select t1.fname from student as t1 join has_pet as t2 on t1.stuid  =  t2.stuid join pets as t3 on t3.petid  =  t2.petid where t3.pettype  =  'dog',,SELECT T1.FNAME FROM Student AS T1 JOIN Has_pet AS T2 ON T1.StuID  =  T2.StuID WHERE T2.petid  =  'cat' INTERSECT SELECT T1.FNAME FROM Student AS T1 JOIN Has_pet AS T2 ON T1.StuID  =  T2.StuID WHERE T2.petid  =  'dog',True,SELECT Fname FROM Student WHERE PetID  IN (SELECT PetID FROM Pets WHERE PetType  =  'cat') INTERSECT SELECT Fname FROM Student WHERE PetID  IN (SELECT PetID FROM Pets WHERE PetType  =  'dog'),False,6,complex
60,What are the students' first names who have both cats and dogs as pets?,pets_1,SELECT T1.Fname FROM student AS T1 JOIN has_pet AS T2 ON T1.stuid  =  T2.stuid JOIN pets AS T3 ON T3.petid  =  T2.petid WHERE T3.pettype  =  'cat' INTERSECT SELECT T1.Fname FROM student AS T1 JOIN has_pet AS T2 ON T1.stuid  =  T2.stuid JOIN pets AS T3 ON T3.petid  =  T2.petid WHERE T3.pettype  =  'dog',,SELECT T1.FNAME FROM Student AS T1 JOIN Has_pet AS T2 ON T1.StuID  =  T2.StuID WHERE T2.petid  =  'cat' INTERSECT SELECT T1.FNAME FROM Student AS T1 JOIN Has_pet AS T2 ON T1.StuID  =  T2.StuID WHERE T2.petid  =  'dog',True,SELECT T1.Fname FROM Student AS T1 JOIN Has_pet AS T2 ON T1.StuID  =  T2.StuID WHERE T2.petid  =  (SELECT petid FROM Pets WHERE pettype  =  'cat') INTERSECT SELECT T1.Fname FROM Student AS T1 JOIN Has_pet AS T2 ON T1.StuID  =  T2.StuID WHERE T2.petid  =  (SELECT petid FROM Pets WHERE pettype  =  'dog'),True,6,complex
61,Find the major and age of students who do not have a cat pet.,pets_1,"SELECT major ,  age FROM student WHERE stuid NOT IN (SELECT T1.stuid FROM student AS T1 JOIN has_pet AS T2 ON T1.stuid  =  T2.stuid JOIN pets AS T3 ON T3.petid  =  T2.petid WHERE T3.pettype  =  'cat')",,"SELECT major ,  age FROM student WHERE petid NOT IN (SELECT petid FROM pets WHERE pettype = ""cat"")",False,"SELECT major ,  age FROM Student WHERE petid NOT IN (SELECT petid FROM Pets WHERE pettype  =  'Cat')",False,3,complex
62,"What major is every student who does not own a cat as a pet, and also how old are they?",pets_1,"SELECT major ,  age FROM student WHERE stuid NOT IN (SELECT T1.stuid FROM student AS T1 JOIN has_pet AS T2 ON T1.stuid  =  T2.stuid JOIN pets AS T3 ON T3.petid  =  T2.petid WHERE T3.pettype  =  'cat')",,"SELECT major ,  count(*) FROM student WHERE petid NOT IN (SELECT petid FROM pets WHERE pettype = ""cat"") GROUP BY major",False,"SELECT major ,  count(*) FROM Student WHERE pet_type  =  'cat' EXCEPT SELECT major FROM Student WHERE pet_type  =  'dog'",False,3,complex
63,Find the id of students who do not have a cat pet.,pets_1,SELECT stuid FROM student EXCEPT SELECT T1.stuid FROM student AS T1 JOIN has_pet AS T2 ON T1.stuid  =  T2.stuid JOIN pets AS T3 ON T3.petid  =  T2.petid WHERE T3.pettype  =  'cat',,SELECT StuID FROM Student EXCEPT SELECT StuID FROM Has_Pet,False,SELECT StuID FROM Student WHERE PetType != 'Cat',False,4,complex
64,What are the ids of the students who do not own cats as pets?,pets_1,SELECT stuid FROM student EXCEPT SELECT T1.stuid FROM student AS T1 JOIN has_pet AS T2 ON T1.stuid  =  T2.stuid JOIN pets AS T3 ON T3.petid  =  T2.petid WHERE T3.pettype  =  'cat',,"SELECT StuID FROM Student EXCEPT SELECT StuID FROM Has_Pet WHERE PetType  =  ""Cat""",False,SELECT StuID FROM Student WHERE PetType != 'Cat',False,4,complex
65,Find the first name and age of students who have a dog but do not have a cat as a pet.,pets_1,"SELECT T1.fname ,  T1.age FROM student AS T1 JOIN has_pet AS T2 ON T1.stuid  =  T2.stuid JOIN pets AS T3 ON T3.petid  =  T2.petid WHERE T3.pettype  =  'dog' AND T1.stuid NOT IN (SELECT T1.stuid FROM student AS T1 JOIN has_pet AS T2 ON T1.stuid  =  T2.stuid JOIN pets AS T3 ON T3.petid  =  T2.petid WHERE T3.pettype  =  'cat')",,"SELECT T1.Fname ,  T1.Age FROM Student AS T1 JOIN Has_pet AS T2 ON T1.StuID  =  T2.StuID WHERE T2.PetID  =  'dog' EXCEPT SELECT T1.Fname ,  T1.Age FROM Student AS T1 JOIN Has_pet AS T2 ON T1.StuID  =  T2.StuID WHERE T2.PetID  =  'cat'",False,"SELECT T1.Fname ,  T1.Age FROM Student AS T1 JOIN Has_pet AS T2 ON T1.StuID  =  T2.StuID WHERE T1.Major  =  'Computer Science' AND T2.pettype  =  'Dog' EXCEPT SELECT T1.Fname ,  T1.Age FROM Student AS T1 JOIN Has_pet AS T2 ON T1.StuID  =  T2.StuID WHERE T1.Major  =  'Computer Science' AND T2.pettype  =  'Cat'",False,6,complex
66,What is the first name of every student who has a dog but does not have a cat?,pets_1,"SELECT T1.fname ,  T1.age FROM student AS T1 JOIN has_pet AS T2 ON T1.stuid  =  T2.stuid JOIN pets AS T3 ON T3.petid  =  T2.petid WHERE T3.pettype  =  'dog' AND T1.stuid NOT IN (SELECT T1.stuid FROM student AS T1 JOIN has_pet AS T2 ON T1.stuid  =  T2.stuid JOIN pets AS T3 ON T3.petid  =  T2.petid WHERE T3.pettype  =  'cat')",,SELECT T1.Fname FROM Student AS T1 JOIN Has_pet AS T2 ON T1.StuID  =  T2.StuID WHERE T2.PetID  =  'dog' EXCEPT SELECT T1.Fname FROM Student AS T1 JOIN Has_pet AS T2 ON T1.StuID  =  T2.StuID WHERE T2.PetID  =  'cat',False,SELECT T1.Fname FROM Student AS T1 JOIN Has_pet AS T2 ON T1.StuID  =  T2.StuID WHERE T2.petid  =  'dog' INTERSECT SELECT T1.Fname FROM Student AS T1 JOIN Has_pet AS T2 ON T1.StuID  =  T2.StuID WHERE T2.petid  =  'cat',False,6,complex
67,Find the type and weight of the youngest pet.,pets_1,"SELECT pettype ,  weight FROM pets ORDER BY pet_age LIMIT 1",,"SELECT pet_type ,  weight FROM pets ORDER BY pet_age ASC LIMIT 1",False,"SELECT pet_type ,  weight FROM pets ORDER BY age ASC LIMIT 1",False,0,simple
68,"What type of pet is the youngest animal, and how much does it weigh?",pets_1,"SELECT pettype ,  weight FROM pets ORDER BY pet_age LIMIT 1",,"SELECT pet_type ,  weight FROM Pets ORDER BY pet_age ASC LIMIT 1",False,"SELECT pet_type ,  weight FROM Pets ORDER BY pet_age ASC LIMIT 1",False,0,simple
69,Find the id and weight of all pets whose age is older than 1.,pets_1,"SELECT petid ,  weight FROM pets WHERE pet_age  >  1",,"SELECT pet_id ,  weight FROM Pets WHERE pet_age  >  1",False,"SELECT petid ,  weight FROM Pets WHERE petage  >  1",False,0,simple
70,What is the id and weight of every pet who is older than 1?,pets_1,"SELECT petid ,  weight FROM pets WHERE pet_age  >  1",,"SELECT pet_id ,  weight FROM Pets WHERE pet_age  >  1",False,"SELECT pet_id ,  weight FROM pets WHERE pet_age  >  1",False,0,simple
71,Find the average and maximum age for each type of pet.,pets_1,"SELECT avg(pet_age) ,  max(pet_age) ,  pettype FROM pets GROUP BY pettype",,"SELECT pet_type ,  avg(age) ,  max(age) FROM pets GROUP BY pet_type",False,"SELECT avg(age) ,  max(age) ,  pet_type FROM Pets GROUP BY pet_type",False,3,complex
72,What is the average and maximum age for each pet type?,pets_1,"SELECT avg(pet_age) ,  max(pet_age) ,  pettype FROM pets GROUP BY pettype",,"SELECT pet_type ,  avg(age) ,  max(age) FROM Pets GROUP BY pet_type",False,"SELECT avg(age) ,  max(age) ,  pet_type FROM Pets GROUP BY pet_type",False,3,complex
73,Find the average weight for each pet type.,pets_1,"SELECT avg(weight) ,  pettype FROM pets GROUP BY pettype",,"SELECT pet_type ,  avg(weight) FROM Pets GROUP BY pet_type",False,"SELECT avg(weight) ,  pet_type FROM Pets GROUP BY pet_type",False,2,moderate
74,What is the average weight for each type of pet?,pets_1,"SELECT avg(weight) ,  pettype FROM pets GROUP BY pettype",,"SELECT pet_type ,  avg(weight) FROM Pets GROUP BY pet_type",False,"SELECT avg(weight) ,  pet_type FROM Pets GROUP BY pet_type",False,2,moderate
75,Find the first name and age of students who have a pet.,pets_1,"SELECT DISTINCT T1.fname ,  T1.age FROM student AS T1 JOIN has_pet AS T2 ON T1.stuid  =  T2.stuid",,"SELECT T1.Fname ,  T1.Age FROM Student AS T1 JOIN Has_pet AS T2 ON T1.StuID  =  T2.StuID",True,"SELECT T1.Fname ,  T1.Age FROM Student AS T1 JOIN Has_pet AS T2 ON T1.StuID  =  T2.StuID",True,1,moderate
76,What are the different first names and ages of the students who do have pets?,pets_1,"SELECT DISTINCT T1.fname ,  T1.age FROM student AS T1 JOIN has_pet AS T2 ON T1.stuid  =  T2.stuid",,"SELECT T1.Fname ,  T1.Age FROM Student AS T1 JOIN Has_pet AS T2 ON T1.StuID  =  T2.StuID",True,"SELECT T1.Fname ,  T1.Age FROM Student AS T1 JOIN Has_pet AS T2 ON T1.StuID  =  T2.StuID",True,1,moderate
77,Find the id of the pet owned by student whose last name is ‘Smith’.,pets_1,SELECT T2.petid FROM student AS T1 JOIN has_pet AS T2 ON T1.stuid  =  T2.stuid WHERE T1.Lname  =  'Smith',,SELECT petid FROM pets WHERE pettype  =  'dog' AND lname  =  'Smith',False,SELECT T2.pet_id FROM pets AS T1 JOIN student AS T2 ON T1.stuid  =  T2.stuid WHERE T2.lname  =  'Smith',False,1,moderate
78,What is the id of the pet owned by the student whose last name is 'Smith'?,pets_1,SELECT T2.petid FROM student AS T1 JOIN has_pet AS T2 ON T1.stuid  =  T2.stuid WHERE T1.Lname  =  'Smith',,SELECT petid FROM pets WHERE pettype  =  'dog' AND petowner LIKE '%Smith%',False,SELECT T2.pet_id FROM pets AS T1 JOIN student AS T2 ON T1.pet_id  =  T2.pet_id WHERE T1.pet_type  =  'dog' AND T2.lname  =  'Smith',False,1,moderate
79,Find the number of pets for each student who has any pet and student id.,pets_1,"SELECT count(*) ,  T1.stuid FROM student AS T1 JOIN has_pet AS T2 ON T1.stuid  =  T2.stuid GROUP BY T1.stuid",,"SELECT count(*) ,  T1.stuid FROM has_pet AS T1 JOIN student AS T2 ON T1.stuid  =  T2.stuid GROUP BY T1.stuid",True,"SELECT count(*) ,  t1.stuid FROM student AS t1 JOIN has_pet AS t2 ON t1.stuid  =  t2.stuid GROUP BY t1.stuid",True,3,complex
80,"For students who have pets , how many pets does each student have ? list their ids instead of names .",pets_1,"select count(*) ,  t1.stuid from student as t1 join has_pet as t2 on t1.stuid  =  t2.stuid group by t1.stuid",,"SELECT T1.stuid ,  count(*) FROM has_pet AS T1 JOIN student AS T2 ON T1.stuid  =  T2.stuid GROUP BY T1.stuid",False,"SELECT count(*) ,  T1.StuID FROM Student AS T1 JOIN Has_pet AS T2 ON T1.StuID  =  T2.StuID GROUP BY T1.StuID",True,3,complex
81,Find the first name and gender of student who have more than one pet.,pets_1,"SELECT T1.fname ,  T1.sex FROM student AS T1 JOIN has_pet AS T2 ON T1.stuid  =  T2.stuid GROUP BY T1.stuid HAVING count(*)  >  1",,"SELECT T1.fname ,  T1.sex FROM Student AS T1 JOIN Has_pet AS T2 ON T1.StuID  =  T2.StuID GROUP BY T1.StuID HAVING count(*)  >  1",True,"SELECT T1.Fname ,  T1.Sex FROM Student AS T1 JOIN Has_pet AS T2 ON T1.StuID  =  T2.StuID GROUP BY T1.Fname ,  T1.Sex HAVING count(*)  >  1",True,4,complex
82,What is the first name and gender of the all the students who have more than one pet?,pets_1,"SELECT T1.fname ,  T1.sex FROM student AS T1 JOIN has_pet AS T2 ON T1.stuid  =  T2.stuid GROUP BY T1.stuid HAVING count(*)  >  1",,"SELECT T1.Fname ,  T1.Sex FROM Student AS T1 JOIN Has_pet AS T2 ON T1.StuID  =  T2.StuID GROUP BY T1.Fname ,  T1.Sex HAVING count(*)  >  1",True,"SELECT T1.Fname ,  T1.Sex FROM Student AS T1 JOIN Has_pet AS T2 ON T1.StuID  =  T2.StuID GROUP BY T1.Fname ,  T1.Sex HAVING count(*)  >  1",True,4,complex
83,Find the last name of the student who has a cat that is age 3.,pets_1,SELECT T1.lname FROM student AS T1 JOIN has_pet AS T2 ON T1.stuid  =  T2.stuid JOIN pets AS T3 ON T3.petid  =  T2.petid WHERE T3.pet_age  =  3 AND T3.pettype  =  'cat',,SELECT T1.Lname FROM Student AS T1 JOIN Has_pet AS T2 ON T1.StuID  =  T2.StuID JOIN Pets AS T3 ON T2.PetID  =  T3.PetID WHERE T3.pet_type  =  'cat' AND T3.age  =  3,False,SELECT T1.Lname FROM Student AS T1 JOIN Has_pet AS T2 ON T1.StuID  =  T2.StuID JOIN Pets AS T3 ON T2.PetID  =  T3.PetID WHERE T3.pet_type  =  'Cat' AND T3.pet_age  =  3,False,3,complex
84,What is the last name of the student who has a cat that is 3 years old?,pets_1,SELECT T1.lname FROM student AS T1 JOIN has_pet AS T2 ON T1.stuid  =  T2.stuid JOIN pets AS T3 ON T3.petid  =  T2.petid WHERE T3.pet_age  =  3 AND T3.pettype  =  'cat',,SELECT T1.Lname FROM Student AS T1 JOIN Has_pet AS T2 ON T1.StuID  =  T2.StuID JOIN Pets AS T3 ON T2.PetID  =  T3.PetID WHERE T3.pet_type  =  'cat' AND T3.age  =  3,False,SELECT T1.Lname FROM Student AS T1 JOIN Has_pet AS T2 ON T1.StuID  =  T2.StuID JOIN Pets AS T3 ON T3.PetID  =  T2.PetID WHERE T3.pet_type  =  'Cat' AND T3.pet_age  =  3,False,3,complex
85,Find the average age of students who do not have any pet .,pets_1,select avg(age) from student where stuid not in (select stuid from has_pet),,SELECT avg(age) FROM student WHERE StuID NOT IN (SELECT StuID FROM has_pet),True,SELECT avg(age) FROM student WHERE StuID NOT IN (SELECT StuID FROM has_pet),True,2,moderate
86,What is the average age for all students who do not own any pets ?,pets_1,select avg(age) from student where stuid not in (select stuid from has_pet),,SELECT avg(age) FROM STUDENT WHERE petid  =  0,False,SELECT avg(age) FROM student WHERE StuID NOT IN (SELECT StuID FROM has_pet),True,2,moderate
87,How many continents are there?,car_1,SELECT count(*) FROM CONTINENTS;,,SELECT count(*) FROM continents,True,SELECT count(*) FROM continents,True,1,moderate
88,What is the number of continents?,car_1,SELECT count(*) FROM CONTINENTS;,,SELECT count(*) FROM continents,True,SELECT count(*) FROM continents,True,1,moderate
89,"How many countries does each continent have? List the continent id, continent name and the number of countries.",car_1,"SELECT T1.ContId ,  T1.Continent ,  count(*) FROM CONTINENTS AS T1 JOIN COUNTRIES AS T2 ON T1.ContId  =  T2.Continent GROUP BY T1.ContId;",,"SELECT continent ,  count(*) ,  continent_name FROM countries GROUP BY continent",False,"SELECT continent ,  count(*) FROM continents JOIN countries ON continents.continentid  =  countries.continentid GROUP BY continent",False,3,complex
90,"For each continent, list its id, name, and how many countries it has?",car_1,"SELECT T1.ContId ,  T1.Continent ,  count(*) FROM CONTINENTS AS T1 JOIN COUNTRIES AS T2 ON T1.ContId  =  T2.Continent GROUP BY T1.ContId;",,"SELECT continent ,  count(*) ,  country_name FROM countries GROUP BY continent",False,"SELECT continent ,  countryid ,  countryname FROM countries ORDER BY continent",False,3,complex
91,How many countries are listed?,car_1,SELECT count(*) FROM COUNTRIES;,,SELECT count(*) FROM countries,True,SELECT count(*) FROM countries,True,1,moderate
92,How many countries exist?,car_1,SELECT count(*) FROM COUNTRIES;,,SELECT count(*) FROM countries,True,SELECT count(*) FROM countries,True,1,moderate
93,"How many models does each car maker produce? List maker full name, id and the number.",car_1,"SELECT T1.FullName ,  T1.Id ,  count(*) FROM CAR_MAKERS AS T1 JOIN MODEL_LIST AS T2 ON T1.Id  =  T2.Maker GROUP BY T1.Id;",,"SELECT FullName ,  id ,  count(*) FROM car_makers GROUP BY id",False,"SELECT t1.maker ,  t2.id ,  count(*) FROM car_names AS t1 JOIN car_makers AS t2 ON t1.maker  =  t2.maker GROUP BY t1.maker",False,3,complex
94,"What is the full name of each car maker, along with its id and how many models it produces?",car_1,"SELECT T1.FullName ,  T1.Id ,  count(*) FROM CAR_MAKERS AS T1 JOIN MODEL_LIST AS T2 ON T1.Id  =  T2.Maker GROUP BY T1.Id;",,"SELECT FullName ,  COUNT(*) FROM car_makers GROUP BY FullName",False,"SELECT t2.FullName ,  t1.id ,  count(*) FROM car_makers AS t1 JOIN model_list AS t2 ON t1.id  =  t2.Maker GROUP BY t1.id",False,3,complex
95,Which model of the car has the minimum horsepower?,car_1,SELECT T1.Model FROM CAR_NAMES AS T1 JOIN CARS_DATA AS T2 ON T1.MakeId  =  T2.Id ORDER BY T2.horsepower ASC LIMIT 1;,,SELECT T2.Model FROM cars_data AS T1 JOIN car_names AS T2 ON T1.MakeId  =  T2.MakeId JOIN model_list AS T3 ON T1.ModelId  =  T3.Model GROUP BY T2.Model ORDER BY T1.Horsepower LIMIT 1,False,SELECT T1.Model FROM cars_data AS T1 JOIN model_list AS T2 ON T1.Model  =  T2.Model GROUP BY T1.Model ORDER BY COUNT(*) ASC LIMIT 1,False,1,moderate
96,What is the model of the car with the smallest amount of horsepower?,car_1,SELECT T1.Model FROM CAR_NAMES AS T1 JOIN CARS_DATA AS T2 ON T1.MakeId  =  T2.Id ORDER BY T2.horsepower ASC LIMIT 1;,,SELECT T2.Model FROM cars_data AS T1 JOIN car_makers AS T2 ON T1.Maker  =  T2.Maker JOIN car_names AS T3 ON T1.Model  =  T3.Model WHERE T1.Horsepower  =  (SELECT MIN(T1.Horsepower) FROM cars_data AS T1 JOIN car_makers AS T2 ON T1.Maker  =  T2.Maker JOIN car_names AS T3 ON T1.Model  =  T3.Model),False,SELECT T2.Model FROM cars_data AS T1 JOIN model_list AS T2 ON T1.Model = T2.Model GROUP BY T1.Model ORDER BY T1.Horsepower LIMIT 1,False,1,moderate
97,Find the model of the car whose weight is below the average weight.,car_1,SELECT T1.model FROM CAR_NAMES AS T1 JOIN CARS_DATA AS T2 ON T1.MakeId  =  T2.Id WHERE T2.Weight  <  (SELECT avg(Weight) FROM CARS_DATA),,SELECT T2.Model FROM cars_data AS T1 JOIN car_names AS T2 ON T1.MakeId  =  T2.Make WHERE T1.Weight  <  (SELECT avg(weight) FROM cars_data),False,SELECT T2.Model FROM cars_data AS T1 JOIN countries AS T2 ON T1.Country  =  T2.CountryId GROUP BY T1.Country ORDER BY AVG(T2.Weight) DESC LIMIT 1,False,3,complex
98,What is the model for the car with a weight smaller than the average?,car_1,SELECT T1.model FROM CAR_NAMES AS T1 JOIN CARS_DATA AS T2 ON T1.MakeId  =  T2.Id WHERE T2.Weight  <  (SELECT avg(Weight) FROM CARS_DATA),,SELECT T2.Model FROM cars_data AS T1 JOIN car_names AS T2 ON T1.MakeId  =  T2.Make WHERE T1.Weight  <  (SELECT avg(T3.Weight) FROM cars_data AS T3),False,SELECT T2.Model FROM cars_data AS T1 JOIN cars_data AS T2 ON T1.MPg  <  T2.MPg GROUP BY T1.Model,False,3,complex
99,Find the name of the makers that produced some cars in the year of 1970?,car_1,SELECT DISTINCT T1.Maker FROM CAR_MAKERS AS T1 JOIN MODEL_LIST AS T2 ON T1.Id  =  T2.Maker JOIN CAR_NAMES AS T3 ON T2.model  =  T3.model JOIN CARS_DATA AS T4 ON T3.MakeId  =  T4.id WHERE T4.year  =  '1970';,,SELECT T1.Maker FROM car_names AS T1 JOIN car_data AS T2 ON T1.MakeId  =  T2.MakeId WHERE T2.Year  =  1970,False,SELECT T2.Maker FROM car_names AS T1 JOIN car_makers AS T2 ON T1.Maker  =  T2.Maker JOIN cars_data AS T3 ON T1.ModelId  =  T3.Model WHERE T3.Year  =  1970,False,3,complex
100,What is the name of the different car makers who produced a car in 1970?,car_1,SELECT DISTINCT T1.Maker FROM CAR_MAKERS AS T1 JOIN MODEL_LIST AS T2 ON T1.Id  =  T2.Maker JOIN CAR_NAMES AS T3 ON T2.model  =  T3.model JOIN CARS_DATA AS T4 ON T3.MakeId  =  T4.id WHERE T4.year  =  '1970';,,SELECT T1.Maker FROM car_names AS T1 JOIN car_makers AS T2 ON T1.MakeId  =  T2.id WHERE T2.Year  =  1970,False,SELECT T2.Maker FROM cars_data AS T1 JOIN car_makers AS T2 ON T1.Maker  =  T2.Maker JOIN countries AS T3 ON T2.Country  =  T3.Country WHERE T1.Year  =  1970,False,3,complex
101,Find the make and production time of the cars that were produced in the earliest year?,car_1,"SELECT T2.Make ,  T1.Year FROM CARS_DATA AS T1 JOIN CAR_NAMES AS T2 ON T1.Id  =  T2.MakeId WHERE T1.Year  =  (SELECT min(YEAR) FROM CARS_DATA);",,"SELECT T1.Maker ,  T1.Year FROM cars_data AS T1 JOIN car_makers AS T2 ON T1.Maker  =  T2.Maker WHERE T1.Year  =  (SELECT MIN(T2.Year) FROM cars_data AS T2 JOIN car_makers AS T3 ON T2.Maker  =  T3.Maker)",False,"SELECT T1.Maker ,  T1.Year FROM cars_data AS T1 JOIN countries AS T2 ON T1.Country = T2.CountryId ORDER BY T2.Year ASC",False,3,complex
102,What is the maker of the carr produced in the earliest year and what year was it?,car_1,"SELECT T2.Make ,  T1.Year FROM CARS_DATA AS T1 JOIN CAR_NAMES AS T2 ON T1.Id  =  T2.MakeId WHERE T1.Year  =  (SELECT min(YEAR) FROM CARS_DATA);",,"SELECT T1.Maker ,  T2.Year FROM cars_data AS T1 JOIN car_makers AS T2 ON T1.Maker  =  T2.Country ORDER BY T1.Year ASC LIMIT 1",False,"SELECT T1.maker ,  T2.year FROM cars_data AS T1 JOIN countries AS T2 ON T1.countryid  =  T2.countryid ORDER BY T2.year LIMIT 1",False,3,complex
103,Which distinct car models are the produced after 1980?,car_1,SELECT DISTINCT T1.model FROM MODEL_LIST AS T1 JOIN CAR_NAMES AS T2 ON T1.model  =  T2.model JOIN CARS_DATA AS T3 ON T2.MakeId  =  T3.id WHERE T3.year  >  1980;,,SELECT DISTINCT T2.Model FROM cars_data AS T1 JOIN car_makers AS T2 ON T1.Maker  =  T2.Maker JOIN countries AS T3 ON T1.Country  =  T3.Country WHERE T3.Year  >  1980,False,SELECT DISTINCT T2.Model FROM cars_data AS T1 JOIN model_list AS T2 ON T1.Model  =  T2.Model WHERE T1.Year  >  1980,False,2,moderate
104,What are the different models for the cards produced after 1980?,car_1,SELECT DISTINCT T1.model FROM MODEL_LIST AS T1 JOIN CAR_NAMES AS T2 ON T1.model  =  T2.model JOIN CARS_DATA AS T3 ON T2.MakeId  =  T3.id WHERE T3.year  >  1980;,,SELECT T2.Model FROM cars_data AS T1 JOIN car_makers AS T2 ON T1.Maker  =  T2.Maker JOIN countries AS T3 ON T1.Country  =  T3.Country WHERE T3.Year  >  1980,False,SELECT DISTINCT T2.Model FROM cars_data AS T1 JOIN model_list AS T2 ON T1.Model  =  T2.Model WHERE T1.Year  >  1980,False,2,moderate
105,How many car makers are there in each continents? List the continent name and the count.,car_1,"SELECT T1.Continent ,  count(*) FROM CONTINENTS AS T1 JOIN COUNTRIES AS T2 ON T1.ContId  =  T2.continent JOIN car_makers AS T3 ON T2.CountryId  =  T3.Country GROUP BY T1.Continent;",,"SELECT continent ,  count(*) FROM continents JOIN car_makers ON continents.continent_id  =  car_makers.country_id GROUP BY continent",False,"SELECT continent ,  count(*) FROM continents JOIN countries ON continents.continentid  =  countries.continentid GROUP BY continent",False,4,complex
106,What is the name of each continent and how many car makers are there in each one?,car_1,"SELECT T1.Continent ,  count(*) FROM CONTINENTS AS T1 JOIN COUNTRIES AS T2 ON T1.ContId  =  T2.continent JOIN car_makers AS T3 ON T2.CountryId  =  T3.Country GROUP BY T1.Continent;",,"SELECT continent ,  count(*) FROM continents AS T1 JOIN car_makers AS T2 ON T1.contid  =  T2.countryid GROUP BY T1.continent",False,"SELECT continent ,  count(*) FROM continents GROUP BY continent",False,4,complex
107,Which of the countries has the most car makers? List the country name.,car_1,SELECT T2.CountryName FROM CAR_MAKERS AS T1 JOIN COUNTRIES AS T2 ON T1.Country  =  T2.CountryId GROUP BY T1.Country ORDER BY Count(*) DESC LIMIT 1;,,SELECT T1.CountryName FROM countries AS T1 JOIN car_makers AS T2 ON T1.Continent  =  T2.Continent JOIN car_names AS T3 ON T2.Maker  =  T3.Maker GROUP BY T1.CountryName ORDER BY count(*) DESC LIMIT 1,False,"SELECT T2.CountryName FROM countries AS T1 JOIN car_makers AS T2 ON T1.CountryId  =  T2.Country WHERE T2.Continent  =  ""Asia""",False,3,complex
108,What is the name of the country with the most car makers?,car_1,SELECT T2.CountryName FROM CAR_MAKERS AS T1 JOIN COUNTRIES AS T2 ON T1.Country  =  T2.CountryId GROUP BY T1.Country ORDER BY Count(*) DESC LIMIT 1;,,SELECT T1.CountryName FROM countries AS T1 JOIN car_makers AS T2 ON T1.Continent  =  T2.Continent JOIN car_names AS T3 ON T2.Maker  =  T3.Maker JOIN models AS T4 ON T3.Model  =  T4.Model GROUP BY T1.CountryName ORDER BY count(*) DESC LIMIT 1,False,SELECT T2.CountryName FROM countries AS T1 JOIN car_makers AS T2 ON T1.CountryId  =  T2.Country WHERE T2.CountryName  =  (SELECT T1.CountryName FROM countries AS T1 JOIN car_makers AS T2 ON T1.CountryId  =  T2.Country GROUP BY T1.CountryId ORDER BY count(*) DESC LIMIT 1),False,3,complex
109,How many car models are produced by each maker ? Only list the count and the maker full name .,car_1,"select count(*) ,  t2.fullname from model_list as t1 join car_makers as t2 on t1.maker  =  t2.id group by t2.id;",,"SELECT count(*) ,  maker FROM car_names GROUP BY maker",False,"SELECT count(*) ,  maker FROM car_names GROUP BY maker",False,3,complex
110,What is the number of car models that are produced by each maker and what is the id and full name of each maker?,car_1,"SELECT Count(*) ,  T2.FullName ,  T2.id FROM MODEL_LIST AS T1 JOIN CAR_MAKERS AS T2 ON T1.Maker  =  T2.Id GROUP BY T2.id;",,"SELECT count(*) ,  country FROM car_names GROUP BY maker",False,"SELECT count(*) ,  t1.Maker ,  t1.FullName FROM car_names AS t1 JOIN car_makers AS t2 ON t1.Maker  =  t2.Maker GROUP BY t1.Maker",False,3,complex
111,What is the accelerate of the car make amc hornet sportabout (sw)?,car_1,SELECT T1.Accelerate FROM CARS_DATA AS T1 JOIN CAR_NAMES AS T2 ON T1.Id  =  T2.MakeId WHERE T2.Make  =  'amc hornet sportabout (sw)';,,"SELECT accelerate FROM cars_data WHERE maker  =  ""amc hornet sportabout"" AND model  =  ""sw""",False,"SELECT accelerate FROM cars_data WHERE maker  =  ""amc hornet sportabout""",False,1,moderate
112,How much does the car accelerate that makes amc hornet sportabout (sw)?,car_1,SELECT T1.Accelerate FROM CARS_DATA AS T1 JOIN CAR_NAMES AS T2 ON T1.Id  =  T2.MakeId WHERE T2.Make  =  'amc hornet sportabout (sw)';,,"SELECT accelerate FROM cars_data WHERE make = ""amc"" AND model = ""hornet sportabout"" AND country = ""USA""",False,SELECT accelerate FROM cars_data WHERE maker  =  'amc hornet sportabout',False,1,moderate
113,How many car makers are there in france?,car_1,SELECT count(*) FROM CAR_MAKERS AS T1 JOIN COUNTRIES AS T2 ON T1.Country  =  T2.CountryId WHERE T2.CountryName  =  'france';,,SELECT count(*) FROM car_makers WHERE country  =  'France',False,"SELECT count(*) FROM countries WHERE countryName  =  ""France"" INTERSECT SELECT count(*) FROM car_makers WHERE country  =  ""France""",False,2,moderate
114,What is the number of makers of care in France?,car_1,SELECT count(*) FROM CAR_MAKERS AS T1 JOIN COUNTRIES AS T2 ON T1.Country  =  T2.CountryId WHERE T2.CountryName  =  'france';,,SELECT count(*) FROM car_makers WHERE country  =  'France',False,"SELECT count(*) FROM countries WHERE continent  =  ""Europe"" INTERSECT SELECT count(*) FROM car_makers WHERE country  =  ""France""",False,2,moderate
115,How many car models are produced in the usa?,car_1,SELECT count(*) FROM MODEL_LIST AS T1 JOIN CAR_MAKERS AS T2 ON T1.Maker  =  T2.Id JOIN COUNTRIES AS T3 ON T2.Country  =  T3.CountryId WHERE T3.CountryName  =  'usa';,,"SELECT count(*) FROM car_names WHERE country_name  =  ""USA""",False,"SELECT count(*) FROM countries WHERE countryName  =  ""USA""",False,3,complex
116,What is the count of the car models produced in the United States?,car_1,SELECT count(*) FROM MODEL_LIST AS T1 JOIN CAR_MAKERS AS T2 ON T1.Maker  =  T2.Id JOIN COUNTRIES AS T3 ON T2.Country  =  T3.CountryId WHERE T3.CountryName  =  'usa';,,SELECT count(*) FROM car_names AS T1 JOIN car_makers AS T2 ON T1.Maker  =  T2.Maker WHERE T2.Country  =  'United States',False,"SELECT count(*) FROM car_names AS T1 JOIN countries AS T2 ON T1.countryid  =  T2.countryid WHERE T2.countryname  =  ""United States""",False,3,complex
117,What is the average miles per gallon(mpg) of the cars with 4 cylinders?,car_1,SELECT avg(mpg) FROM CARS_DATA WHERE Cylinders  =  4;,,SELECT avg(MPG) FROM cars_data WHERE Cylinders  =  4,True,SELECT avg(MPG) FROM cars_data WHERE Cylinders  =  4,True,1,moderate
118,What is the average miles per gallon of all the cards with 4 cylinders?,car_1,SELECT avg(mpg) FROM CARS_DATA WHERE Cylinders  =  4;,,SELECT avg(MPG) FROM cars_data WHERE Cylinders  =  4,True,SELECT avg(MPG) FROM cars_data WHERE Cylinders  =  4,True,1,moderate
119,What is the smallest weight of the car produced with 8 cylinders on 1974 ?,car_1,select min(weight) from cars_data where cylinders  =  8 and year  =  1974,,SELECT min(Weight) FROM cars_data WHERE Cylinders  =  8 AND YEAR  =  1974,True,SELECT min(Weight) FROM cars_data WHERE Cylinders  =  8 AND Year  =  1974,True,2,moderate
120,What is the minimum weight of the car with 8 cylinders produced in 1974 ?,car_1,select min(weight) from cars_data where cylinders  =  8 and year  =  1974,,SELECT min(Weight) FROM cars_data WHERE Cylinders  =  8 AND Year  =  1974,True,SELECT min(Weight) FROM cars_data WHERE Cylinders  =  8 AND Year  =  1974,True,2,moderate
121,What are all the makers and models?,car_1,"SELECT Maker ,  Model FROM MODEL_LIST;",,"SELECT T1.Maker ,  T1.Model FROM car_names AS T1 JOIN car_makers AS T2 ON T1.MakeId  =  T2.id",False,"SELECT T1.Maker ,  T1.Model FROM car_names AS T1 JOIN car_makers AS T2 ON T1.Maker  =  T2.Maker",False,0,simple
122,What are the makers and models?,car_1,"SELECT Maker ,  Model FROM MODEL_LIST;",,"SELECT T1.Maker ,  T1.Model FROM car_names AS T1 JOIN car_makers AS T2 ON T1.MakeId  =  T2.id",False,"SELECT T1.Maker ,  T1.Model FROM car_names AS T1 JOIN car_makers AS T2 ON T1.Maker  =  T2.Maker",False,0,simple
123,What are the countries having at least one car maker? List name and id.,car_1,"SELECT T1.CountryName ,  T1.CountryId FROM COUNTRIES AS T1 JOIN CAR_MAKERS AS T2 ON T1.CountryId  =  T2.Country GROUP BY T1.CountryId HAVING count(*)  >=  1;",,"SELECT countryname ,  countryid FROM countries WHERE continentid  =  (SELECT continentid FROM continents WHERE continentid  =  1) INTERSECT SELECT countryname ,  countryid FROM countries WHERE continentid  =  (SELECT continentid FROM continents WHERE continentid  =  2)",False,"SELECT T2.CountryName ,  T1.CountryId FROM countries AS T1 JOIN car_makers AS T2 ON T1.CountryId  =  T2.Country WHERE T2.Continent  =  ""Asia""",False,4,complex
124,What are the names and ids of all countries with at least one car maker?,car_1,"SELECT T1.CountryName ,  T1.CountryId FROM COUNTRIES AS T1 JOIN CAR_MAKERS AS T2 ON T1.CountryId  =  T2.Country GROUP BY T1.CountryId HAVING count(*)  >=  1;",,"SELECT countryname ,  countryid FROM countries WHERE continentid  =  (SELECT continentid FROM continents WHERE continentid  =  1) INTERSECT SELECT countryname ,  countryid FROM countries WHERE continentid  =  (SELECT continentid FROM continents WHERE continentid  =  2) INTERSECT SELECT countryname ,  countryid FROM countries WHERE continentid  =  (SELECT continentid FROM continents WHERE continentid  =  3)",False,"SELECT T1.CountryName ,  T1.CountryId FROM countries AS T1 JOIN car_makers AS T2 ON T1.CountryId  =  T2.Country WHERE T2.Cylinders  =  4",False,4,complex
125,What is the number of the cars with horsepower more than 150?,car_1,SELECT count(*) FROM CARS_DATA WHERE horsepower  >  150;,,SELECT count(*) FROM cars_data WHERE horsepower  >  150,True,SELECT count(*) FROM cars_data WHERE horsepower  >  150,True,1,moderate
126,What is the number of cars with a horsepower greater than 150?,car_1,SELECT count(*) FROM CARS_DATA WHERE horsepower  >  150;,,SELECT count(*) FROM cars_data WHERE horsepower  >  150,True,SELECT count(*) FROM cars_data WHERE horsepower  >  150,True,1,moderate
127,What is the average weight of cars each year?,car_1,"SELECT avg(Weight) ,  YEAR FROM CARS_DATA GROUP BY YEAR;",,"SELECT avg(weight) ,  year FROM cars_data GROUP BY year",True,"SELECT avg(weight) ,  year FROM cars_data GROUP BY year",True,2,moderate
128,What is the average weight and year for each year?,car_1,"SELECT avg(Weight) ,  YEAR FROM CARS_DATA GROUP BY YEAR;",,"SELECT avg(weight) ,  year FROM cars_data GROUP BY year",True,"SELECT avg(weight) ,  year FROM cars_data GROUP BY year",True,2,moderate
129,Which countries in europe have at least 3 car manufacturers?,car_1,SELECT T1.CountryName FROM COUNTRIES AS T1 JOIN CONTINENTS AS T2 ON T1.Continent  =  T2.ContId JOIN CAR_MAKERS AS T3 ON T1.CountryId  =  T3.Country WHERE T2.Continent  =  'europe' GROUP BY T1.CountryName HAVING count(*)  >=  3;,,SELECT countryname FROM countries WHERE continent  =  'europe' INTERSECT SELECT countryname FROM car_makers WHERE country  =  'europe',False,SELECT T2.Country FROM countries AS T1 JOIN car_makers AS T2 ON T1.CountryId  =  T2.Country WHERE T1.Continent  =  'Europe' GROUP BY T2.CountryId HAVING count(*)  >=  3,False,5,complex
130,What are the names of all European countries with at least 3 manufacturers?,car_1,SELECT T1.CountryName FROM COUNTRIES AS T1 JOIN CONTINENTS AS T2 ON T1.Continent  =  T2.ContId JOIN CAR_MAKERS AS T3 ON T1.CountryId  =  T3.Country WHERE T2.Continent  =  'europe' GROUP BY T1.CountryName HAVING count(*)  >=  3;,,SELECT countryname FROM countries WHERE continent  =  'Europe' INTERSECT SELECT countryname FROM car_names WHERE countryid  =  (SELECT countryid FROM countries WHERE continent  =  'Europe'),False,"SELECT T2.CountryName FROM countries AS T1 JOIN continents AS T2 ON T1.Continent  =  T2.Continent WHERE T1.Continent  =  ""Europe"" GROUP BY T1.CountryName HAVING count(*)  >=  3",False,5,complex
131,What is the maximum horsepower and the make of the car models with 3 cylinders?,car_1,"SELECT T2.horsepower ,  T1.Make FROM CAR_NAMES AS T1 JOIN CARS_DATA AS T2 ON T1.MakeId  =  T2.Id WHERE T2.cylinders  =  3 ORDER BY T2.horsepower DESC LIMIT 1;",,"SELECT max(horsepower) ,  t2.maker FROM cars_data AS t1 JOIN car_makers AS t2 ON t1.maker  =  t2.country GROUP BY t2.country ORDER BY t1.horsepower DESC LIMIT 1",False,"SELECT max(horsepower) ,  t2.Maker FROM cars_data AS t1 JOIN car_makers AS t2 ON t1.Maker  =  t2.Maker JOIN countries AS t3 ON t2.Country  =  t3.Country WHERE t1.Cylinders  =  3 GROUP BY t1.Maker",False,1,moderate
132,What is the largest amount of horsepower for the models with 3 cylinders and what make is it?,car_1,"SELECT T2.horsepower ,  T1.Make FROM CAR_NAMES AS T1 JOIN CARS_DATA AS T2 ON T1.MakeId  =  T2.Id WHERE T2.cylinders  =  3 ORDER BY T2.horsepower DESC LIMIT 1;",,"SELECT max(horsepower) ,  maker FROM cars_data WHERE Cylinders  =  3 GROUP BY maker",False,"SELECT max(horsepower) ,  t2.maker FROM cars_data AS t1 JOIN car_makers AS t2 ON t1.maker  =  t2.maker WHERE t1.cylinders  =  3",False,1,moderate
133,"Which model saves the most gasoline? That is to say, have the maximum miles per gallon.",car_1,SELECT T1.Model FROM CAR_NAMES AS T1 JOIN CARS_DATA AS T2 ON T1.MakeId  =  T2.Id ORDER BY T2.mpg DESC LIMIT 1;,,SELECT t2.Model FROM car_names AS t1 JOIN car_data AS t2 ON t1.MakeId  =  t2.Make GROUP BY t2.Model ORDER BY count(*) DESC LIMIT 1,False,SELECT T1.Model FROM cars_data AS T1 JOIN model_list AS T2 ON T1.Model  =  T2.Model GROUP BY T1.Model ORDER BY count(*) DESC LIMIT 1,False,1,moderate
134,What is the car model with the highest mpg ?,car_1,select t1.model from car_names as t1 join cars_data as t2 on t1.makeid  =  t2.id order by t2.mpg desc limit 1;,,SELECT Model FROM car_names ORDER BY Horsepower DESC LIMIT 1,False,SELECT Model FROM car_names ORDER BY Horsepower DESC LIMIT 1,False,1,moderate
135,What is the average horsepower of the cars before 1980?,car_1,SELECT avg(horsepower) FROM CARS_DATA WHERE YEAR  <  1980;,,SELECT avg(horsepower) FROM cars_data WHERE YEAR  <  1980,True,SELECT avg(horsepower) FROM cars_data WHERE YEAR  <  1980,True,1,moderate
136,What is the average horsepower for all cars produced before 1980 ?,car_1,select avg(horsepower) from cars_data where year  <  1980;,,SELECT avg(horsepower) FROM cars_data WHERE YEAR  <  1980,True,SELECT avg(horsepower) FROM cars_data WHERE YEAR  <  1980,True,1,moderate
137,What is the average edispl of the cars of model volvo?,car_1,SELECT avg(T2.edispl) FROM CAR_NAMES AS T1 JOIN CARS_DATA AS T2 ON T1.MakeId  =  T2.Id WHERE T1.Model  =  'volvo';,,"SELECT avg(edispl) FROM cars_data WHERE maker = ""volvo""",False,"SELECT avg(edispl) FROM cars_data WHERE model = ""volvo""",False,2,moderate
138,What is the average edispl for all volvos?,car_1,SELECT avg(T2.edispl) FROM CAR_NAMES AS T1 JOIN CARS_DATA AS T2 ON T1.MakeId  =  T2.Id WHERE T1.Model  =  'volvo';,,"SELECT avg(edispl) FROM cars_data WHERE maker = ""Volvo""",False,SELECT avg(edispl) FROM cars_data WHERE maker  =  'Volvo',False,2,moderate
139,What is the maximum accelerate for different number of cylinders?,car_1,"SELECT max(Accelerate) ,  Cylinders FROM CARS_DATA GROUP BY Cylinders;",,"SELECT max(Accelerate) ,  count(*) FROM cars_data GROUP BY Cylinders",False,"SELECT max(Accelerate) ,  count(*) FROM cars_data GROUP BY Cylinders",False,2,moderate
140,What is the maximum accelerate for all the different cylinders?,car_1,"SELECT max(Accelerate) ,  Cylinders FROM CARS_DATA GROUP BY Cylinders;",,SELECT max(Accelerate) FROM cars_data GROUP BY Cylinders,False,SELECT max(Accelerate) FROM cars_data GROUP BY Cylinders,False,2,moderate
141,Which model has the most version(make) of cars?,car_1,SELECT Model FROM CAR_NAMES GROUP BY Model ORDER BY count(*) DESC LIMIT 1;,,SELECT t1.Model FROM car_names AS t1 JOIN cars_data AS t2 ON t1.MakeId  =  t2.Make GROUP BY t1.Model ORDER BY count(*) DESC LIMIT 1,False,SELECT T1.Model FROM car_names AS T1 JOIN car_makers AS T2 ON T1.Maker  =  T2.Maker JOIN cars_data AS T3 ON T2.Id  =  T3.Maker GROUP BY T1.Model ORDER BY count(*) DESC LIMIT 1,False,2,moderate
142,What model has the most different versions?,car_1,SELECT Model FROM CAR_NAMES GROUP BY Model ORDER BY count(*) DESC LIMIT 1;,,SELECT model FROM car_names GROUP BY model ORDER BY count(*) DESC LIMIT 1,True,SELECT T1.Model FROM car_names AS T1 JOIN car_makers AS T2 ON T1.Maker  =  T2.Maker JOIN car_names AS T3 ON T2.Maker  =  T3.Maker JOIN car_makers AS T4 ON T3.Maker  =  T4.Maker GROUP BY T1.Model ORDER BY count(*) DESC LIMIT 1,False,2,moderate
143,How many cars have more than 4 cylinders?,car_1,SELECT count(*) FROM CARS_DATA WHERE Cylinders  >  4;,,SELECT count(*) FROM cars_data WHERE Cylinders  >  4,True,SELECT count(*) FROM cars_data WHERE Cylinders  >  4,True,1,moderate
144,What is the number of cars with more than 4 cylinders?,car_1,SELECT count(*) FROM CARS_DATA WHERE Cylinders  >  4;,,SELECT count(*) FROM cars_data WHERE Cylinders  >  4,True,SELECT count(*) FROM cars_data WHERE Cylinders  >  4,True,1,moderate
145,how many cars were produced in 1980?,car_1,SELECT count(*) FROM CARS_DATA WHERE YEAR  =  1980;,,SELECT count(*) FROM cars_data WHERE YEAR  =  1980,True,SELECT count(*) FROM cars_data WHERE YEAR  =  1980,True,1,moderate
146,"In 1980, how many cars were made?",car_1,SELECT count(*) FROM CARS_DATA WHERE YEAR  =  1980;,,SELECT count(*) FROM cars_data WHERE YEAR  =  1980,True,SELECT count(*) FROM cars_data WHERE YEAR  =  1980,True,1,moderate
147,How many car models were produced by the maker with full name American Motor Company?,car_1,SELECT count(*) FROM CAR_MAKERS AS T1 JOIN MODEL_LIST AS T2 ON T1.Id  =  T2.Maker WHERE T1.FullName  =  'American Motor Company';,,"SELECT count(*) FROM car_names AS T1 JOIN car_makers AS T2 ON T1.maker  =  T2.FullName WHERE T2.FullName  =  ""American Motor Company""",False,"SELECT count(*) FROM car_names AS T1 JOIN car_makers AS T2 ON T1.maker  =  T2.maker WHERE T2.full_name  =  ""American Motor Company""",False,2,moderate
148,What is the number of car models created by the car maker American Motor Company?,car_1,SELECT count(*) FROM CAR_MAKERS AS T1 JOIN MODEL_LIST AS T2 ON T1.Id  =  T2.Maker WHERE T1.FullName  =  'American Motor Company';,,SELECT count(*) FROM car_makers AS T1 JOIN car_names AS T2 ON T1.Maker  =  T2.MakerId WHERE T1.Country  =  'American Motor Company',False,"SELECT count(*) FROM car_names AS T1 JOIN car_makers AS T2 ON T1.maker  =  T2.maker WHERE T2.maker  =  ""American Motor Company""",False,2,moderate
149,Which makers designed more than 3 car models? List full name and the id.,car_1,"SELECT T1.FullName ,  T1.Id FROM CAR_MAKERS AS T1 JOIN MODEL_LIST AS T2 ON T1.Id  =  T2.Maker GROUP BY T1.Id HAVING count(*)  >  3;",,"SELECT T2.FullName ,  T1.id FROM car_names AS T1 JOIN car_makers AS T2 ON T1.Maker  =  T2.Maker GROUP BY T1.Maker HAVING count(*)  >  3",False,"SELECT T2.FullName ,  T1.id FROM car_makers AS T1 JOIN model_list AS T2 ON T1.id  =  T2.Maker GROUP BY T1.id HAVING count(*)  >  3",False,4,complex
150,What are the names and ids of all makers with more than 3 models?,car_1,"SELECT T1.FullName ,  T1.Id FROM CAR_MAKERS AS T1 JOIN MODEL_LIST AS T2 ON T1.Id  =  T2.Maker GROUP BY T1.Id HAVING count(*)  >  3;",,"SELECT T1.Maker ,  T1.id FROM car_names AS T1 JOIN car_makers AS T2 ON T1.makeid  =  T2.id WHERE T2.country  =  'USA' GROUP BY T1.Maker HAVING count(*)  >  3",False,"SELECT T2.Maker ,  T2.ModelId FROM model_list AS T1 JOIN car_makers AS T2 ON T1.Maker  =  T2.Maker GROUP BY T1.Maker HAVING count(*)  >  3",False,4,complex
151,Which distinctive models are produced by maker with the full name General Motors or weighing more than 3500?,car_1,SELECT DISTINCT T2.Model FROM CAR_NAMES AS T1 JOIN MODEL_LIST AS T2 ON T1.Model  =  T2.Model JOIN CAR_MAKERS AS T3 ON T2.Maker  =  T3.Id JOIN CARS_DATA AS T4 ON T1.MakeId  =  T4.Id WHERE T3.FullName  =  'General Motors' OR T4.weight  >  3500;,,"SELECT T2.Model FROM car_makers AS T1 JOIN car_names AS T2 ON T1.Country  =  T2.Country JOIN model_list AS T3 ON T1.Maker  =  T3.Maker WHERE T3.Edispl  >  3500 OR T1.FullName  =  ""General Motors""",False,SELECT Model FROM car_names WHERE Maker  =  'General Motors' OR Weight  >  3500,False,4,complex
152,What are the different models created by either the car maker General Motors or weighed more than 3500?,car_1,SELECT DISTINCT T2.Model FROM CAR_NAMES AS T1 JOIN MODEL_LIST AS T2 ON T1.Model  =  T2.Model JOIN CAR_MAKERS AS T3 ON T2.Maker  =  T3.Id JOIN CARS_DATA AS T4 ON T1.MakeId  =  T4.Id WHERE T3.FullName  =  'General Motors' OR T4.weight  >  3500;,,"SELECT T2.Model FROM cars_data AS T1 JOIN car_makers AS T2 ON T1.Maker  =  T2.Maker WHERE T1.Maker  =  ""General Motors"" OR T1.Weight  >  3500",False,"SELECT DISTINCT T1.Model FROM cars_data AS T1 JOIN car_makers AS T2 ON T1.Maker  =  T2.Maker WHERE T2.Maker  =  ""General Motors"" OR T1.Weight  >  3500",False,4,complex
153,In which years cars were produced weighing no less than 3000 and no more than 4000 ?,car_1,select distinct year from cars_data where weight between 3000 and 4000;,,SELECT Year FROM cars_data WHERE Weight BETWEEN 3000 AND 4000,True,SELECT DISTINCT YEAR FROM cars_data WHERE Weight BETWEEN 3000 AND 4000,True,1,moderate
154,What are the different years in which there were cars produced that weighed less than 4000 and also cars that weighted more than 3000 ?,car_1,select distinct year from cars_data where weight between 3000 and 4000;,,SELECT DISTINCT YEAR FROM cars_data WHERE WEIGHT  <  4000 INTERSECT SELECT DISTINCT YEAR FROM cars_data WHERE WEIGHT  >  3000,True,SELECT DISTINCT YEAR FROM cars_data WHERE WEIGHT  <  4000 INTERSECT SELECT DISTINCT YEAR FROM cars_data WHERE WEIGHT  >  3000,True,1,moderate
155,What is the horsepower of the car with the largest accelerate?,car_1,SELECT T1.horsepower FROM CARS_DATA AS T1 ORDER BY T1.accelerate DESC LIMIT 1;,,SELECT horsepower FROM cars_data ORDER BY accelerate DESC LIMIT 1,True,SELECT Horsepower FROM cars_data ORDER BY Accelerate DESC LIMIT 1,True,0,simple
156,What is the horsepower of the car with the greatest accelerate?,car_1,SELECT T1.horsepower FROM CARS_DATA AS T1 ORDER BY T1.accelerate DESC LIMIT 1;,,SELECT horsepower FROM cars_data ORDER BY accelerate DESC LIMIT 1,True,SELECT Horsepower FROM cars_data ORDER BY Accelerate DESC LIMIT 1,True,0,simple
157,"For model volvo, how many cylinders does the car with the least accelerate have?",car_1,SELECT T1.cylinders FROM CARS_DATA AS T1 JOIN CAR_NAMES AS T2 ON T1.Id  =  T2.MakeId WHERE T2.Model  =  'volvo' ORDER BY T1.accelerate ASC LIMIT 1;,,SELECT min(Cylinders) FROM cars_data WHERE Maker  =  'volvo',False,"SELECT Cylinders FROM cars_data WHERE Model = ""volvo"" ORDER BY Accelerate LIMIT 1",False,1,moderate
158,"For a volvo model, how many cylinders does the version with least accelerate have?",car_1,SELECT T1.cylinders FROM CARS_DATA AS T1 JOIN CAR_NAMES AS T2 ON T1.Id  =  T2.MakeId WHERE T2.Model  =  'volvo' ORDER BY T1.accelerate ASC LIMIT 1;,,SELECT count(*) FROM cars_data AS T1 JOIN car_names AS T2 ON T1.MakeId  =  T2.MakeId JOIN car_makers AS T3 ON T2.MakeId  =  T3.MakeId WHERE T3.Maker  =  'Volvo' AND T2.Model  =  '940',False,SELECT T2.Cylinders FROM cars_data AS T1 JOIN car_makers AS T2 ON T1.Maker  =  T2.Maker JOIN model_list AS T3 ON T1.Model  =  T3.Model WHERE T3.Maker  =  'Volvo' AND T3.Model  =  '940' GROUP BY T1.Cylinders ORDER BY T1.Accelerate LIMIT 1,False,1,moderate
159,How many cars have a larger accelerate than the car with the largest horsepower?,car_1,SELECT COUNT(*) FROM CARS_DATA WHERE Accelerate  >  ( SELECT Accelerate FROM CARS_DATA ORDER BY Horsepower DESC LIMIT 1 );,,SELECT count(*) FROM cars_data AS T1 JOIN car_names AS T2 ON T1.Maker  =  T2.MakerId AND T1.Model  =  T2.Model WHERE T1.Accelerate  >  (SELECT max(horsepower) FROM cars_data),False,SELECT count(*) FROM cars_data AS T1 JOIN car_names AS T2 ON T1.Maker  =  T2.Maker AND T1.Model  =  T2.Model WHERE T1.Accelerate  >  (SELECT max(hp) FROM cars_data AS T3 JOIN car_names AS T4 ON T3.Maker  =  T4.Maker AND T3.Model  =  T4.Model WHERE T3.Horsepower  =  T4.Horsepower),False,2,moderate
160,What is the number of cars with a greater accelerate than the one with the most horsepower?,car_1,SELECT COUNT(*) FROM CARS_DATA WHERE Accelerate  >  ( SELECT Accelerate FROM CARS_DATA ORDER BY Horsepower DESC LIMIT 1 );,,SELECT count(*) FROM cars_data WHERE Accelerate  >  (SELECT max(horsepower) FROM cars_data),False,SELECT count(*) FROM cars_data AS T1 JOIN car_names AS T2 ON T1.Maker  =  T2.Maker AND T1.Model  =  T2.Model WHERE T1.Accelerate  >  (SELECT max(hp) FROM cars_data AS T3 JOIN car_names AS T4 ON T3.Maker  =  T4.Maker AND T3.Model  =  T4.Model WHERE T3.Maker  =  T4.Maker AND T3.Model  =  T4.Model),False,2,moderate
161,How many countries has more than 2 car makers ?,car_1,select count(*) from countries as t1 join car_makers as t2 on t1.countryid  =  t2.country group by t1.countryid having count(*)  >  2,,SELECT count(*) FROM countries WHERE continent  >  2,False,SELECT count(*) FROM countries WHERE countryid  IN (SELECT countryid FROM car_makers GROUP BY countryid HAVING count(*)  >  2),False,5,complex
162,What is the number of countries with more than 2 car makers ?,car_1,select count(*) from countries as t1 join car_makers as t2 on t1.countryid  =  t2.country group by t1.countryid having count(*)  >  2,,SELECT count(*) FROM countries WHERE continent  >  2,False,SELECT count(*) FROM countries WHERE countryid  >  2,False,5,complex
163,How many cars has over 6 cylinders?,car_1,SELECT COUNT(*) FROM CARS_DATA WHERE Cylinders  >  6;,,SELECT count(*) FROM cars_data WHERE Cylinders  >  6,True,SELECT count(*) FROM cars_data WHERE Cylinders  >  6,True,1,moderate
164,What is the number of carsw ith over 6 cylinders?,car_1,SELECT COUNT(*) FROM CARS_DATA WHERE Cylinders  >  6;,,SELECT count(*) FROM cars_data WHERE Cylinders  >  6,True,SELECT count(*) FROM cars_data WHERE Cylinders  >  6,True,1,moderate
165,"For the cars with 4 cylinders, which model has the largest horsepower?",car_1,SELECT T1.Model FROM CAR_NAMES AS T1 JOIN CARS_DATA AS T2 ON T1.MakeId  =  T2.Id WHERE T2.Cylinders  =  4 ORDER BY T2.horsepower DESC LIMIT 1;,,SELECT T2.Model FROM cars_data AS T1 JOIN car_makers AS T2 ON T1.Maker  =  T2.Maker JOIN car_names AS T3 ON T1.Model  =  T3.Model WHERE T1.Cylinders  =  4 ORDER BY T1.Horsepower DESC LIMIT 1,False,SELECT T2.Model FROM cars_data AS T1 JOIN model_list AS T2 ON T1.Model = T2.Model WHERE T1.Cylinders  =  4 ORDER BY T1.Horsepower DESC LIMIT 1,False,1,moderate
166,"For all of the 4 cylinder cars, which model has the most horsepower?",car_1,SELECT T1.Model FROM CAR_NAMES AS T1 JOIN CARS_DATA AS T2 ON T1.MakeId  =  T2.Id WHERE T2.Cylinders  =  4 ORDER BY T2.horsepower DESC LIMIT 1;,,SELECT T2.Model FROM cars_data AS T1 JOIN car_makers AS T2 ON T1.Maker  =  T2.Maker JOIN car_names AS T3 ON T1.Model  =  T3.Model WHERE T1.Cylinders  =  4 ORDER BY T3.Horsepower DESC LIMIT 1,False,SELECT T2.Model FROM cars_data AS T1 JOIN car_makers AS T2 ON T1.Maker  =  T2.Maker JOIN car_makers AS T3 ON T1.Maker  =  T3.Maker WHERE T1.Cylinders  =  4 ORDER BY T1.Horsepower DESC LIMIT 1,False,1,moderate
167,"Among the cars with more than lowest horsepower, which ones do not have more than 3 cylinders? List the car makeid and make name.",car_1,"SELECT T2.MakeId ,  T2.Make FROM CARS_DATA AS T1 JOIN CAR_NAMES AS T2 ON T1.Id  =  T2.MakeId WHERE T1.Horsepower  >  (SELECT min(Horsepower) FROM CARS_DATA) AND T1.Cylinders  <=  3;",,"SELECT T1.Maker ,  T1.Country FROM cars_data AS T1 JOIN car_makers AS T2 ON T1.Maker  =  T2.Maker WHERE T1.Horsepower  >  (SELECT MIN(T2.Horsepower) FROM cars_data AS T2) GROUP BY T1.Maker HAVING COUNT(*)  >  1",False,"SELECT T1.Maker ,  T1.Model FROM car_names AS T1 JOIN car_makers AS T2 ON T1.MakeId  =  T2.Make WHERE T2.Cylinders  >  3 AND T1.Horsepower  >  (SELECT MIN(T2.Horsepower) FROM car_makers AS T2)",False,4,complex
168,"Among the cars that do not have the minimum horsepower , what are the make ids and names of all those with less than 4 cylinders ?",car_1,"select t2.makeid ,  t2.make from cars_data as t1 join car_names as t2 on t1.id  =  t2.makeid where t1.horsepower  >  (select min(horsepower) from cars_data) and t1.cylinders  <  4;",,"SELECT T1.Maker ,  T1.Country FROM cars_data AS T1 JOIN car_makers AS T2 ON T1.id  =  T2.id WHERE T1.Horsepower  >  4",False,"SELECT T1.Maker ,  T1.Model FROM cars_data AS T1 JOIN car_makers AS T2 ON T1.MakeId  =  T2.Make WHERE T2.Cylinders  <  4 AND T1.Horsepower  =  (SELECT MIN(Horsepower) FROM cars_data)",False,4,complex
169,What is the maximum miles per gallon of the car with 8 cylinders or produced before 1980 ?,car_1,select max(mpg) from cars_data where cylinders  =  8 or year  <  1980,,SELECT max(MPG) FROM cars_data WHERE Cylinders  =  8 OR YEAR  <  1980,True,SELECT max(MPG) FROM cars_data WHERE Cylinders  =  8 OR Year  <  1980,True,2,moderate
170,What is the maximum mpg of the cars that had 8 cylinders or that were produced before 1980 ?,car_1,select max(mpg) from cars_data where cylinders  =  8 or year  <  1980,,SELECT max(MPG) FROM cars_data WHERE Cylinders  =  8 OR Year  <  1980,True,SELECT max(MPG) FROM cars_data WHERE Cylinders  =  8 OR Year  <  1980,True,2,moderate
171,Which models are lighter than 3500 but not built by the 'Ford Motor Company'?,car_1,SELECT DISTINCT T1.model FROM MODEL_LIST AS T1 JOIN CAR_NAMES AS T2 ON T1.Model  =  T2.Model JOIN CARS_DATA AS T3 ON T2.MakeId  =  T3.Id JOIN CAR_MAKERS AS T4 ON T1.Maker  =  T4.Id WHERE T3.weight  <  3500 AND T4.FullName != 'Ford Motor Company';,,SELECT T2.Model FROM cars_data AS T1 JOIN car_makers AS T2 ON T1.Maker  =  T2.Country WHERE T1.Weight  <  3500 AND T1.Maker  !=  'Ford Motor Company',False,SELECT T1.Model FROM cars_data AS T1 JOIN car_makers AS T2 ON T1.Maker  =  T2.Maker JOIN countries AS T3 ON T2.Country  =  T3.Country WHERE T3.CountryName  =  'United States' AND T1.Weight  <  3500 AND T2.Maker  !=  'Ford Motor Company',False,4,complex
172,What are the different models wthat are lighter than 3500 but were not built by the Ford Motor Company?,car_1,SELECT DISTINCT T1.model FROM MODEL_LIST AS T1 JOIN CAR_NAMES AS T2 ON T1.Model  =  T2.Model JOIN CARS_DATA AS T3 ON T2.MakeId  =  T3.Id JOIN CAR_MAKERS AS T4 ON T1.Maker  =  T4.Id WHERE T3.weight  <  3500 AND T4.FullName != 'Ford Motor Company';,,"SELECT T2.Model FROM cars_data AS T1 JOIN car_makers AS T2 ON T1.Maker  =  T2.Maker JOIN countries AS T3 ON T1.Country  =  T3.Country WHERE T1.Weight  <  3500 AND T1.Maker  !=  ""Ford Motor Company""",False,"SELECT T2.Model FROM cars_data AS T1 JOIN car_makers AS T2 ON T1.Maker  =  T2.Maker WHERE T1.Weight  <  3500 AND T1.Maker  !=  ""Ford""",False,4,complex
173,What are the name of the countries where there is not a single car maker?,car_1,SELECT CountryName FROM countries EXCEPT SELECT T1.CountryName FROM countries AS T1 JOIN CAR_MAKERS AS T2 ON T1.countryId  =  T2.Country;,,SELECT countryname FROM countries WHERE continentid  NOT IN (SELECT continentid FROM car_makers),False,SELECT countryname FROM countries WHERE countryid NOT IN (SELECT countryid FROM car_makers),False,3,complex
174,What are the names of the countries with no car makers?,car_1,SELECT CountryName FROM countries EXCEPT SELECT T1.CountryName FROM countries AS T1 JOIN CAR_MAKERS AS T2 ON T1.countryId  =  T2.Country;,,SELECT countryname FROM countries WHERE continentid  NOT IN (SELECT continentid FROM car_makers),False,SELECT countryname FROM countries WHERE countryid NOT IN (SELECT countryid FROM car_makers),False,3,complex
175,Which are the car makers which produce at least 2 models and more than 3 car makers ? List the id and the maker .,car_1,"select t1.id ,  t1.maker from car_makers as t1 join model_list as t2 on t1.id  =  t2.maker group by t1.id having count(*)  >=  2 intersect select t1.id ,  t1.maker from car_makers as t1 join model_list as t2 on t1.id  =  t2.maker join car_names as t3 on t2.model  =  t3.model group by t1.id having count(*)  >  3;",,SELECT T1.Maker FROM car_makers AS T1 JOIN car_names AS T2 ON T1.Country  =  T2.Country GROUP BY T1.Maker HAVING COUNT(*)  >=  2 AND COUNT(*)  >=  3,False,"SELECT T1.id ,  T1.maker FROM car_names AS T1 JOIN car_makers AS T2 ON T1.maker  =  T2.maker GROUP BY T1.maker HAVING count(*)  >=  2 AND count(*)  >  3",False,11,complex
176,What are the ids and makers of all car makers that produce at least 2 models and make more than 3 cars?,car_1,"SELECT T1.Id ,  T1.Maker FROM CAR_MAKERS AS T1 JOIN MODEL_LIST AS T2 ON T1.Id  =  T2.Maker GROUP BY T1.Id HAVING count(*)  >=  2 INTERSECT SELECT T1.Id ,  T1.Maker FROM CAR_MAKERS AS T1 JOIN MODEL_LIST AS T2 ON T1.Id  =  T2.Maker JOIN CAR_NAMES AS T3 ON T2.model  =  T3.model GROUP BY T1.Id HAVING count(*)  >  3;",,"SELECT T1.Maker ,  T1.Country FROM car_makers AS T1 JOIN car_names AS T2 ON T1.Country  =  T2.Country GROUP BY T1.Maker HAVING COUNT(*)  >=  2 AND T1.Country  =  (SELECT Country FROM car_names GROUP BY Country ORDER BY COUNT(*) DESC LIMIT 1) AND T1.Country  =  (SELECT Country FROM car_names GROUP BY Country ORDER BY COUNT(*) DESC LIMIT 1) AND T1.Country  =  (SELECT Country FROM car_names GROUP BY Country ORDER BY COUNT(*) DESC LIMIT 1)",False,"SELECT t1.Id ,  t1.Maker FROM car_makers AS t1 JOIN model_list AS t2 ON t1.Id  =  t2.MakeId GROUP BY t1.Id HAVING count(*)  >=  2 AND count(*)  >  3",False,11,complex
177,What are the id and names of the countries which have more than 3 car makers or produce the 'fiat' model?,car_1,"SELECT T1.countryId ,  T1.CountryName FROM Countries AS T1 JOIN CAR_MAKERS AS T2 ON T1.CountryId  =  T2.Country GROUP BY T1.countryId HAVING count(*)  >  3 UNION SELECT T1.countryId ,  T1.CountryName FROM Countries AS T1 JOIN CAR_MAKERS AS T2 ON T1.CountryId  =  T2.Country JOIN MODEL_LIST AS T3 ON T2.Id  =  T3.Maker WHERE T3.Model  =  'fiat';",,"SELECT T1.CountryName ,  T2.Maker FROM countries AS T1 JOIN car_makers AS T2 ON T1.CountryId  =  T2.Country GROUP BY T1.CountryId HAVING count(*)  >  3 OR T2.Maker  =  'fiat'",False,"SELECT T1.CountryId ,  T1.CountryName FROM countries AS T1 JOIN car_makers AS T2 ON T1.CountryId  =  T2.Country WHERE T2.Maker  =  'fiat' OR T2.Country  >  3",False,8,complex
178,What are the ids and names of all countries that either have more than 3 car makers or produce fiat model ?,car_1,"select t1.countryid ,  t1.countryname from countries as t1 join car_makers as t2 on t1.countryid  =  t2.country group by t1.countryid having count(*)  >  3 union select t1.countryid ,  t1.countryname from countries as t1 join car_makers as t2 on t1.countryid  =  t2.country join model_list as t3 on t2.id  =  t3.maker where t3.model  =  'fiat';",,"SELECT T1.CountryId ,  T1.CountryName FROM countries AS T1 JOIN car_makers AS T2 ON T1.CountryId  =  T2.Country GROUP BY T1.CountryId HAVING count(*)  >  3 UNION SELECT T1.CountryId ,  T1.CountryName FROM countries AS T1 JOIN car_makers AS T2 ON T1.CountryId  =  T2.Country WHERE T1.CountryName  =  'Fiat'",False,"SELECT T1.CountryId ,  T1.CountryName FROM countries AS T1 JOIN car_makers AS T2 ON T1.CountryId  =  T2.Country WHERE T2.Continent  =  'Europe' UNION SELECT T1.CountryId ,  T1.CountryName FROM countries AS T1 JOIN car_makers AS T2 ON T1.CountryId  =  T2.Country WHERE T2.Continent  =  'Asia' INTERSECT SELECT T1.CountryId ,  T1.CountryName FROM countries AS T1 JOIN car_makers AS T2 ON T1.CountryId  =  T2.Country",False,8,complex
179,"Which country does Airline ""JetBlue Airways"" belong to?",flight_2,"SELECT Country FROM AIRLINES WHERE Airline  =  ""JetBlue Airways""",,"SELECT T2.Country FROM airlines AS T1 JOIN airports AS T2 ON T1.Airline  =  T1.Airline WHERE T1.Airline  =  ""JetBlue Airways""",False,"SELECT T2.Country FROM airports AS T1 JOIN airlines AS T2 ON T1.Country  =  T2.Country WHERE T2.Airline  =  ""JetBlue Airways""",False,0,simple
180,What country is Jetblue Airways affiliated with?,flight_2,"SELECT Country FROM AIRLINES WHERE Airline  =  ""JetBlue Airways""",,"SELECT T2.Country FROM airlines AS T1 JOIN airports AS T2 ON T1.Airline  =  T1.Airline WHERE T1.Airline  =  ""Jetblue Airways""",False,"SELECT T2.Country FROM airports AS T1 JOIN airlines AS T2 ON T1.Country  =  T2.Country WHERE T2.Airline  =  ""Jetblue Airways""",False,0,simple
181,"What is the abbreviation of Airline ""JetBlue Airways""?",flight_2,"SELECT Abbreviation FROM AIRLINES WHERE Airline  =  ""JetBlue Airways""",,"SELECT abbreviation FROM airlines WHERE Airline  =  ""JetBlue Airways""",True,"SELECT abbreviation FROM AIRLINES WHERE Airline  =  ""JetBlue Airways""",True,0,simple
182,Which abbreviation corresponds to Jetblue Airways?,flight_2,"SELECT Abbreviation FROM AIRLINES WHERE Airline  =  ""JetBlue Airways""",,"SELECT abbreviation FROM airlines WHERE airline  =  ""Jetblue Airways""",False,"SELECT abbreviation FROM AIRLINES WHERE Airline  =  ""Jetblue Airways""",False,0,simple
183,"List all airline names and their abbreviations in ""USA"".",flight_2,"SELECT Airline ,  Abbreviation FROM AIRLINES WHERE Country  =  ""USA""",,"SELECT T1.Airline ,  T1.Abbreviation FROM airlines AS T1 JOIN airports AS T2 ON T1.UID  =  T2.Airline WHERE T2.Country  =  ""USA""",False,"SELECT T1.Airline ,  T1.Altitude FROM airports AS T1 JOIN airlines AS T2 ON T1.Airline  =  T2.Airline WHERE T1.Country  =  ""USA""",False,0,simple
184,What are the airline names and abbreviations for airlines in the USA?,flight_2,"SELECT Airline ,  Abbreviation FROM AIRLINES WHERE Country  =  ""USA""",,"SELECT T1.Airline ,  T1.Abbreviation FROM AIRLINES AS T1 JOIN AIRPORTS AS T2 ON T1.UAirline  =  T2.UAirline WHERE T2.Country  =  'USA'",False,"SELECT T1.Airline ,  T1.Altair FROM AIRLINES AS T1 JOIN AIRPORTS AS T2 ON T1.Airline  =  T2.Airline WHERE T2.Country  =  'USA'",False,0,simple
185,List the airport code and name in the city of Anthony.,flight_2,"SELECT AirportCode ,  AirportName FROM AIRPORTS WHERE city  =  ""Anthony""",,"SELECT T2.AirportCode ,  T2.AirportName FROM airports AS T1 JOIN flights AS T2 ON T1.City  =  T2.SourceAirport WHERE T1.City  =  ""Anthony""",False,"SELECT AirportCode ,  AirportName FROM airports WHERE City  =  ""Anthony""",True,0,simple
186,Give the airport code and airport name corresonding to the city Anthony.,flight_2,"SELECT AirportCode ,  AirportName FROM AIRPORTS WHERE city  =  ""Anthony""",,"SELECT T2.AirportCode ,  T2.AirportName FROM airports AS T1 JOIN flights AS T2 ON T1.City  =  T2.SourceAirport WHERE T1.City  =  ""Anthony""",False,"SELECT T2.airportcode ,  T2.airportname FROM airports AS T1 JOIN flights AS T2 ON T1.airportcode  =  T2.sourceairport WHERE T1.city  =  ""Anthony""",False,0,simple
187,How many airlines do we have?,flight_2,SELECT count(*) FROM AIRLINES,,SELECT count(*) FROM airlines,True,SELECT count(*) FROM airlines,True,1,moderate
188,What is the total number of airlines?,flight_2,SELECT count(*) FROM AIRLINES,,SELECT count(*) FROM airlines,True,SELECT count(*) FROM airlines,True,1,moderate
189,How many airports do we have?,flight_2,SELECT count(*) FROM AIRPORTS,,SELECT count(*) FROM airports,True,SELECT count(*) FROM airports,True,1,moderate
190,Return the number of  airports.,flight_2,SELECT count(*) FROM AIRPORTS,,SELECT count(*) FROM airports,True,SELECT count(*) FROM airports,True,1,moderate
191,How many flights do we have?,flight_2,SELECT count(*) FROM FLIGHTS,,SELECT count(*) FROM flights,True,SELECT count(*) FROM flights,True,1,moderate
192,Return the number of flights.,flight_2,SELECT count(*) FROM FLIGHTS,,SELECT count(*) FROM flights,True,SELECT count(*) FROM flights,True,1,moderate
193,Which airline has abbreviation 'UAL'?,flight_2,"SELECT Airline FROM AIRLINES WHERE Abbreviation  =  ""UAL""",,SELECT T1.Airline FROM airlines AS T1 JOIN airports AS T2 ON T1.UID  =  T2.Airline WHERE T2.Abbreviation  =  'UAL',False,SELECT T1.Airline FROM AIRLINES AS T1 JOIN FLIGHTS AS T2 ON T1.UID  =  T2.Airline WHERE T1.AirlineAbbreviation  =  'UAL',False,0,simple
194,Give the airline with abbreviation 'UAL'.,flight_2,"SELECT Airline FROM AIRLINES WHERE Abbreviation  =  ""UAL""",,SELECT T1.Airline FROM airlines AS T1 JOIN airports AS T2 ON T1.UID  =  T2.Airline WHERE T1.Abbreviation  =  'UAL',False,SELECT T1.Airline FROM AIRLINES AS T1 JOIN FLIGHTS AS T2 ON T1.UID  =  T2.Airline WHERE T1.AirlineAbbreviation  =  'UAL',False,0,simple
195,How many airlines are from USA?,flight_2,"SELECT count(*) FROM AIRLINES WHERE Country  =  ""USA""",,SELECT count(*) FROM airlines WHERE country  =  'USA',True,SELECT count(*) FROM airlines WHERE country  =  'USA',True,1,moderate
196,Return the number of airlines in the USA.,flight_2,"SELECT count(*) FROM AIRLINES WHERE Country  =  ""USA""",,SELECT count(*) FROM airlines WHERE country  =  'USA',True,SELECT count(*) FROM airlines WHERE country  =  'USA',True,1,moderate
197,Which city and country is the Alton airport at?,flight_2,"SELECT City ,  Country FROM AIRPORTS WHERE AirportName  =  ""Alton""",,"SELECT T2.City ,  T2.Country FROM airports AS T1 JOIN airports AS T2 ON T1.AirportCode  =  T2.AirportCode WHERE T1.DestAirport  =  'Alton'",False,SELECT T1.City FROM airports AS T1 JOIN airports AS T2 ON T1.AirportCode  =  T2.AirportCode WHERE T2.CountryAbbrev  =  'US',False,0,simple
198,Give the city and country for the Alton airport.,flight_2,"SELECT City ,  Country FROM AIRPORTS WHERE AirportName  =  ""Alton""",,"SELECT T2.City ,  T2.Country FROM airports AS T1 JOIN airports AS T2 ON T1.AirportCode  =  T2.AirportCode WHERE T1.AirportCode  =  'ALTN'",True,"SELECT T1.City ,  T1.Country FROM airports AS T1 JOIN flights AS T2 ON T1.AirportCode  =  T2.SourceAirport",True,0,simple
199,What is the airport name for airport 'AKO'?,flight_2,"SELECT AirportName FROM AIRPORTS WHERE AirportCode  =  ""AKO""",,SELECT T2.AirportName FROM airports AS T1 JOIN airports AS T2 ON T1.AirportCode  =  T2.AirportCode WHERE T1.AirportCode  =  'AKO',True,SELECT T2.AirportName FROM airports AS T1 JOIN flights AS T2 ON T1.AirportCode  =  T2.SourceAirport WHERE T1.AirportCode  =  'AKO',False,0,simple
200,Return the name of the airport with code 'AKO'.,flight_2,"SELECT AirportName FROM AIRPORTS WHERE AirportCode  =  ""AKO""",,SELECT T2.AirportName FROM airports AS T1 JOIN airports AS T2 ON T1.AirportCode  =  T2.AirportCode WHERE T1.AirportCode  =  'AKO',True,SELECT AirportName FROM airports WHERE AirportCode  =  'AKO',True,0,simple
201,What are airport names at City 'Aberdeen'?,flight_2,"SELECT AirportName FROM AIRPORTS WHERE City = ""Aberdeen""",,SELECT T2.AirportName FROM airports AS T1 JOIN airports AS T2 ON T1.City  =  T2.City WHERE T1.Country  =  'United States' AND T1.City  =  'Aberdeen',True,SELECT T2.AirportName FROM airports AS T1 JOIN flights AS T2 ON T1.AirportCode  =  T2.SourceAirport WHERE T1.City  =  'Aberdeen',False,0,simple
202,What are the names of airports in Aberdeen?,flight_2,"SELECT AirportName FROM AIRPORTS WHERE City = ""Aberdeen""",,"SELECT T2.AirportName FROM airports AS T1 JOIN airports AS T2 ON T1.AirportCode  =  T2.AirportCode WHERE T1.City  =  ""Aberdeen""",True,SELECT T2.airportname FROM airports AS T1 JOIN flights AS T2 ON T1.airportcode  =  T2.sourceairport WHERE T1.country  =  'United Kingdom' AND T1.city  =  'Aberdeen',False,0,simple
203,How many flights depart from 'APG'?,flight_2,"SELECT count(*) FROM FLIGHTS WHERE SourceAirport  =  ""APG""",,SELECT count(*) FROM flights WHERE sourceairport  =  'APG',True,SELECT count(*) FROM flights WHERE sourceairport  =  'APG',True,1,moderate
204,Count the number of flights departing from 'APG'.,flight_2,"SELECT count(*) FROM FLIGHTS WHERE SourceAirport  =  ""APG""",,SELECT count(*) FROM flights WHERE sourceairport  =  'APG',True,SELECT count(*) FROM flights WHERE sourceairport  =  'APG',True,1,moderate
205,How many flights have destination ATO?,flight_2,"SELECT count(*) FROM FLIGHTS WHERE DestAirport  =  ""ATO""",,SELECT count(*) FROM flights WHERE destairport  =  'ATO',True,SELECT count(*) FROM flights WHERE destairport  =  'ATO',True,1,moderate
206,Count the number of flights into ATO.,flight_2,"SELECT count(*) FROM FLIGHTS WHERE DestAirport  =  ""ATO""",,SELECT count(*) FROM flights WHERE destairport  =  'ATO',True,SELECT count(*) FROM flights WHERE destairport  =  'ATO',True,1,moderate
207,How many flights depart from City Aberdeen?,flight_2,"SELECT count(*) FROM FLIGHTS AS T1 JOIN AIRPORTS AS T2 ON T1.SourceAirport  =  T2.AirportCode WHERE T2.City  =  ""Aberdeen""",,SELECT count(*) FROM flights WHERE sourceairport  =  'Aberdeen',True,"SELECT count(*) FROM flights WHERE sourceairport  =  ""Aberdeen""",True,2,moderate
208,Return the number of flights departing from Aberdeen.,flight_2,"SELECT count(*) FROM FLIGHTS AS T1 JOIN AIRPORTS AS T2 ON T1.SourceAirport  =  T2.AirportCode WHERE T2.City  =  ""Aberdeen""",,SELECT count(*) FROM flights WHERE sourceairport  =  'Aberdeen',True,SELECT count(*) FROM flights WHERE sourceairport  =  'Aberdeen',True,2,moderate
209,How many flights arriving in Aberdeen city?,flight_2,"SELECT count(*) FROM FLIGHTS AS T1 JOIN AIRPORTS AS T2 ON T1.DestAirport  =  T2.AirportCode WHERE T2.City  =  ""Aberdeen""",,SELECT count(*) FROM flights WHERE destairport  =  'Aberdeen',True,"SELECT count(*) FROM flights WHERE destairport  =  ""Aberdeen""",True,2,moderate
210,Return the number of flights arriving in Aberdeen.,flight_2,"SELECT count(*) FROM FLIGHTS AS T1 JOIN AIRPORTS AS T2 ON T1.DestAirport  =  T2.AirportCode WHERE T2.City  =  ""Aberdeen""",,SELECT count(*) FROM flights WHERE destairport  =  'Aberdeen',True,"SELECT count(*) FROM flights WHERE destairport  =  ""Aberdeen""",True,2,moderate
211,How many flights depart from City 'Aberdeen' and have destination City 'Ashley'?,flight_2,"SELECT count(*) FROM FLIGHTS AS T1 JOIN AIRPORTS AS T2 ON T1.DestAirport  =  T2.AirportCode JOIN AIRPORTS AS T3 ON T1.SourceAirport  =  T3.AirportCode WHERE T2.City  =  ""Ashley"" AND T3.City  =  ""Aberdeen""",,SELECT count(*) FROM flights WHERE sourceairport  =  'Aberdeen' AND destairport  =  'Ashley',True,SELECT count(*) FROM flights WHERE sourceairport  =  'Aberdeen' AND destairport  =  'Ashley',True,4,complex
212,How many flights fly from Aberdeen to Ashley?,flight_2,"SELECT count(*) FROM FLIGHTS AS T1 JOIN AIRPORTS AS T2 ON T1.DestAirport  =  T2.AirportCode JOIN AIRPORTS AS T3 ON T1.SourceAirport  =  T3.AirportCode WHERE T2.City  =  ""Ashley"" AND T3.City  =  ""Aberdeen""",,SELECT count(*) FROM flights WHERE sourceairport  =  'Aberdeen' AND destairport  =  'Ashley',True,SELECT count(*) FROM flights WHERE sourceairport  =  'Aberdeen' AND destairport  =  'Ashley',True,4,complex
213,How many flights does airline 'JetBlue Airways' have?,flight_2,"SELECT count(*) FROM FLIGHTS AS T1 JOIN AIRLINES AS T2 ON T1.Airline  =  T2.uid WHERE T2.Airline = ""JetBlue Airways""",,SELECT count(*) FROM flights WHERE airline  =  'JetBlue Airways',False,SELECT count(*) FROM flights WHERE airline  =  'JetBlue Airways',False,2,moderate
214,Give the number of Jetblue Airways flights.,flight_2,"SELECT count(*) FROM FLIGHTS AS T1 JOIN AIRLINES AS T2 ON T1.Airline  =  T2.uid WHERE T2.Airline = ""JetBlue Airways""",,SELECT count(*) FROM flights WHERE airline  =  'Jetblue Airways',False,SELECT count(*) FROM flights WHERE airline  =  'Jetblue Airways',False,2,moderate
215,How many 'United Airlines' flights go to Airport 'ASY'?,flight_2,"SELECT count(*) FROM AIRLINES AS T1 JOIN FLIGHTS AS T2 ON T2.Airline  =  T1.uid WHERE T1.Airline  =  ""United Airlines"" AND T2.DestAirport  =  ""ASY""",,SELECT count(*) FROM flights WHERE airline  =  'United Airlines' AND destairport  =  'ASY',True,SELECT count(*) FROM flights WHERE airline  =  'United Airlines' AND destairport  =  'ASY',True,3,complex
216,Count the number of United Airlines flights arriving in ASY Airport.,flight_2,"SELECT count(*) FROM AIRLINES AS T1 JOIN FLIGHTS AS T2 ON T2.Airline  =  T1.uid WHERE T1.Airline  =  ""United Airlines"" AND T2.DestAirport  =  ""ASY""",,SELECT count(*) FROM flights WHERE airline  =  'United Airlines' AND destairport  =  'ASY',True,SELECT count(*) FROM flights WHERE airline  =  'United' AND destairport  =  'ASY',True,3,complex
217,How many 'United Airlines' flights depart from Airport 'AHD'?,flight_2,"SELECT count(*) FROM AIRLINES AS T1 JOIN FLIGHTS AS T2 ON T2.Airline  =  T1.uid WHERE T1.Airline  =  ""United Airlines"" AND T2.SourceAirport  =  ""AHD""",,SELECT count(*) FROM flights WHERE Airline  =  'United Airlines' AND SourceAirport  =  'AHD',True,"SELECT count(*) FROM flights WHERE Airline  =  ""United Airlines"" AND SourceAirport  =  ""AHD""",True,3,complex
218,Return the number of United Airlines flights leaving from AHD Airport.,flight_2,"SELECT count(*) FROM AIRLINES AS T1 JOIN FLIGHTS AS T2 ON T2.Airline  =  T1.uid WHERE T1.Airline  =  ""United Airlines"" AND T2.SourceAirport  =  ""AHD""",,SELECT count(*) FROM flights WHERE airline  =  'United Airlines' AND sourceairport  =  'AHD',True,SELECT count(*) FROM flights WHERE airline  =  'United' AND sourceairport  =  'AHD',True,3,complex
219,How many United Airlines flights go to City 'Aberdeen'?,flight_2,"SELECT count(*) FROM FLIGHTS AS T1 JOIN AIRPORTS AS T2 ON T1.DestAirport  =  T2.AirportCode JOIN AIRLINES AS T3 ON T3.uid  =  T1.Airline WHERE T2.City  =  ""Aberdeen"" AND T3.Airline  =  ""United Airlines""",,SELECT count(*) FROM flights WHERE airline  =  'United' AND destairport  =  'Aberdeen',True,SELECT count(*) FROM flights JOIN airlines ON flights . airline  =  air . uid WHERE air . abbreviation  =  'United' AND destairport  =  'Aberdeen',False,4,complex
220,Count the number of United Airlines flights that arrive in Aberdeen.,flight_2,"SELECT count(*) FROM FLIGHTS AS T1 JOIN AIRPORTS AS T2 ON T1.DestAirport  =  T2.AirportCode JOIN AIRLINES AS T3 ON T3.uid  =  T1.Airline WHERE T2.City  =  ""Aberdeen"" AND T3.Airline  =  ""United Airlines""",,SELECT count(*) FROM flights WHERE airline  =  'United Airlines' AND destairport  =  'Aberdeen',True,SELECT count(*) FROM flights WHERE airline_code  =  'UA' AND dest_airport_code  =  'ABE',False,4,complex
221,Which city has most number of arriving flights?,flight_2,SELECT T1.City FROM AIRPORTS AS T1 JOIN FLIGHTS AS T2 ON T1.AirportCode  =  T2.DestAirport GROUP BY T1.City ORDER BY count(*) DESC LIMIT 1,,SELECT T1.City FROM airports AS T1 JOIN flights AS T2 ON T1.City  =  T2.SourceAirport GROUP BY T1.City ORDER BY count(*) DESC LIMIT 1,True,SELECT T1.City FROM airports AS T1 JOIN flights AS T2 ON T1.City  =  T2.SourceAirport GROUP BY T1.City ORDER BY count(*) DESC LIMIT 1,True,3,complex
222,Which city has the most frequent destination airport?,flight_2,SELECT T1.City FROM AIRPORTS AS T1 JOIN FLIGHTS AS T2 ON T1.AirportCode  =  T2.DestAirport GROUP BY T1.City ORDER BY count(*) DESC LIMIT 1,,SELECT destairport FROM flights GROUP BY destairport ORDER BY count(*) DESC LIMIT 1,False,SELECT destairport FROM flights GROUP BY destairport ORDER BY count(*) DESC LIMIT 1,False,3,complex
223,Which city has most number of departing flights?,flight_2,SELECT T1.City FROM AIRPORTS AS T1 JOIN FLIGHTS AS T2 ON T1.AirportCode  =  T2.SourceAirport GROUP BY T1.City ORDER BY count(*) DESC LIMIT 1,,SELECT T1.City FROM airports AS T1 JOIN flights AS T2 ON T1.City  =  T2.SourceAirport GROUP BY T1.City ORDER BY count(*) DESC LIMIT 1,True,SELECT T1.City FROM Flights AS T1 JOIN Airlines AS T2 ON T1.Airline  =  T2.Airline GROUP BY T1.City ORDER BY count(*) DESC LIMIT 1,False,3,complex
224,Which city is the most frequent source airport?,flight_2,SELECT T1.City FROM AIRPORTS AS T1 JOIN FLIGHTS AS T2 ON T1.AirportCode  =  T2.SourceAirport GROUP BY T1.City ORDER BY count(*) DESC LIMIT 1,,SELECT T1.City FROM airports AS T1 JOIN flights AS T2 ON T1.AirportCode  =  T2.SourceAirport GROUP BY T1.City ORDER BY count(*) DESC LIMIT 1,True,SELECT T1.City FROM airports AS T1 JOIN flights AS T2 ON T1.SourceAirport  =  T2.SourceAirport GROUP BY T1.SourceAirport ORDER BY count(*) DESC LIMIT 1,False,3,complex
225,What is the code of airport that has the highest number of flights?,flight_2,SELECT T1.AirportCode FROM AIRPORTS AS T1 JOIN FLIGHTS AS T2 ON T1.AirportCode  =  T2.DestAirport OR T1.AirportCode  =  T2.SourceAirport GROUP BY T1.AirportCode ORDER BY count(*) DESC LIMIT 1,,SELECT T2.AirportCode FROM airports AS T1 JOIN flights AS T2 ON T1.City  =  T2.SourceAirport GROUP BY T1.City ORDER BY count(*) DESC LIMIT 1,False,SELECT AirportCode FROM Flights GROUP BY AirportCode ORDER BY count(*) DESC LIMIT 1,False,4,complex
226,What is the airport code of the airport with the most flights?,flight_2,SELECT T1.AirportCode FROM AIRPORTS AS T1 JOIN FLIGHTS AS T2 ON T1.AirportCode  =  T2.DestAirport OR T1.AirportCode  =  T2.SourceAirport GROUP BY T1.AirportCode ORDER BY count(*) DESC LIMIT 1,,SELECT airportcode FROM airports ORDER BY count(*) DESC LIMIT 1,False,SELECT AirportCode FROM Flights GROUP BY AirportCode ORDER BY count(*) DESC LIMIT 1,False,4,complex
227,What is the code of airport that has fewest number of flights?,flight_2,SELECT T1.AirportCode FROM AIRPORTS AS T1 JOIN FLIGHTS AS T2 ON T1.AirportCode  =  T2.DestAirport OR T1.AirportCode  =  T2.SourceAirport GROUP BY T1.AirportCode ORDER BY count(*) LIMIT 1,,SELECT AirportCode FROM airports GROUP BY AirportCode ORDER BY count(*) LIMIT 1,False,SELECT AirportCode FROM Flights GROUP BY AirportCode ORDER BY count(*) LIMIT 1,False,4,complex
228,Give the code of the airport with the least flights.,flight_2,SELECT T1.AirportCode FROM AIRPORTS AS T1 JOIN FLIGHTS AS T2 ON T1.AirportCode  =  T2.DestAirport OR T1.AirportCode  =  T2.SourceAirport GROUP BY T1.AirportCode ORDER BY count(*) LIMIT 1,,SELECT AirportCode FROM airports ORDER BY count(*) LIMIT 1,False,SELECT AirportCode FROM airports ORDER BY flights ASC LIMIT 1,False,4,complex
229,Which airline has most number of flights?,flight_2,SELECT T1.Airline FROM AIRLINES AS T1 JOIN FLIGHTS AS T2 ON T1.uid  =  T2.Airline GROUP BY T1.Airline ORDER BY count(*) DESC LIMIT 1,,SELECT airline FROM flights GROUP BY airline ORDER BY count(*) DESC LIMIT 1,False,SELECT T1.Airline FROM Flights AS T1 JOIN Airlines AS T2 ON T1.Airline  =  T2.Airline GROUP BY T1.Airline ORDER BY count(*) DESC LIMIT 1,False,3,complex
230,What airline serves the most flights?,flight_2,SELECT T1.Airline FROM AIRLINES AS T1 JOIN FLIGHTS AS T2 ON T1.uid  =  T2.Airline GROUP BY T1.Airline ORDER BY count(*) DESC LIMIT 1,,SELECT T1.Airline FROM airlines AS T1 JOIN flights AS T2 ON T1.UID  =  T2.Airline GROUP BY T1.Airline ORDER BY count(*) DESC LIMIT 1,True,SELECT T1.Airline FROM Flights AS T1 JOIN Airlines AS T2 ON T1.Airline  =  T2.UID GROUP BY T1.Airline ORDER BY count(*) DESC LIMIT 1,False,3,complex
231,Find the abbreviation and country of the airline that has fewest number of flights?,flight_2,"SELECT T1.Abbreviation ,  T1.Country FROM AIRLINES AS T1 JOIN FLIGHTS AS T2 ON T1.uid  =  T2.Airline GROUP BY T1.Airline ORDER BY count(*) LIMIT 1",,"SELECT abbreviation ,  country FROM airlines GROUP BY abbreviation ORDER BY count(*) LIMIT 1",True,"SELECT abbreviation ,  country FROM airlines GROUP BY abbreviation ORDER BY count(*) ASC LIMIT 1",True,3,complex
232,What is the abbreviation of the airilne has the fewest flights and what country is it in?,flight_2,"SELECT T1.Abbreviation ,  T1.Country FROM AIRLINES AS T1 JOIN FLIGHTS AS T2 ON T1.uid  =  T2.Airline GROUP BY T1.Airline ORDER BY count(*) LIMIT 1",,"SELECT abbreviation ,  count(*) FROM airlines GROUP BY abbreviation ORDER BY count(*) ASC LIMIT 1",False,"SELECT abbreviation ,  count(*) FROM airlines GROUP BY abbreviation ORDER BY count(*) LIMIT 1",False,3,complex
233,What are airlines that have some flight departing from airport 'AHD'?,flight_2,"SELECT T1.Airline FROM AIRLINES AS T1 JOIN FLIGHTS AS T2 ON T1.uid  =  T2.Airline WHERE T2.SourceAirport  =  ""AHD""",,SELECT T1.Airline FROM FLIGHTS AS T1 JOIN AIRLINES AS T2 ON T1.Airline  =  T2.Airline WHERE T1.SourceAirport  =  'AHD',True,SELECT T1.Airline FROM Flights AS T1 JOIN Airlines AS T2 ON T1.Airline  =  T2.uid WHERE T1.SourceAirport  =  'AHD',True,1,moderate
234,Which airlines have a flight with source airport AHD?,flight_2,"SELECT T1.Airline FROM AIRLINES AS T1 JOIN FLIGHTS AS T2 ON T1.uid  =  T2.Airline WHERE T2.SourceAirport  =  ""AHD""",,SELECT T1.Airline FROM FLIGHTS AS T1 JOIN AIRLINES AS T2 ON T1.Airline  =  T2.Airline WHERE T1.SourceAirport  =  'AHD',True,SELECT T1.Airline FROM Flights AS T1 JOIN Airlines AS T2 ON T1.Airline  =  T2.UID WHERE T1.SourceAirport  =  'AHD',True,1,moderate
235,What are airlines that have flights arriving at airport 'AHD'?,flight_2,"SELECT T1.Airline FROM AIRLINES AS T1 JOIN FLIGHTS AS T2 ON T1.uid  =  T2.Airline WHERE T2.DestAirport  =  ""AHD""",,SELECT T1.Airline FROM FLIGHTS AS T1 JOIN AIRLINES AS T2 ON T1.Airline  =  T2.Airline WHERE T1.DestAirport  =  'AHD',True,SELECT T1.Airline FROM Flights AS T1 JOIN Airlines AS T2 ON T1.Airline  =  T2.uid WHERE T1.DestAirport  =  'AHD',True,1,moderate
236,Which airlines have a flight with destination airport AHD?,flight_2,"SELECT T1.Airline FROM AIRLINES AS T1 JOIN FLIGHTS AS T2 ON T1.uid  =  T2.Airline WHERE T2.DestAirport  =  ""AHD""",,"SELECT T1.Airline FROM FLIGHTS AS T1 JOIN AIRLINES AS T2 ON T1.Airline  =  T2.Airline JOIN AIRPORTS AS T3 ON T1.DestAirport  =  T3.AirportCode WHERE T3.AirportName  =  ""AHD""",True,SELECT T1.Airline FROM Flights AS T1 JOIN Airlines AS T2 ON T1.Airline  =  T2.UID WHERE T1.DestAirport  =  'AHD',True,1,moderate
237,Find all airlines that have flights from both airports 'APG' and 'CVO'.,flight_2,"SELECT T1.Airline FROM AIRLINES AS T1 JOIN FLIGHTS AS T2 ON T1.uid  =  T2.Airline WHERE T2.SourceAirport  =  ""APG"" INTERSECT SELECT T1.Airline FROM AIRLINES AS T1 JOIN FLIGHTS AS T2 ON T1.uid  =  T2.Airline WHERE T2.SourceAirport  =  ""CVO""",,SELECT T1.Airline FROM FLIGHTS AS T1 JOIN AIRLINES AS T2 ON T1.Airline  =  T2.Airline WHERE T1.SourceAirport  =  'APG' INTERSECT SELECT T1.Airline FROM FLIGHTS AS T1 JOIN AIRLINES AS T2 ON T1.Airline  =  T2.Airline WHERE T1.DestAirport  =  'CVO',True,SELECT T1.Airline FROM Flights AS T1 JOIN Airlines AS T2 ON T1.Airline  =  T2.uid WHERE T1.SourceAirport  =  'APG' INTERSECT SELECT T1.Airline FROM Flights AS T1 JOIN Airlines AS T2 ON T1.Airline  =  T2.uid WHERE T1.DestAirport  =  'CVO',True,4,complex
238,Which airlines have departing flights from both APG and CVO airports?,flight_2,"SELECT T1.Airline FROM AIRLINES AS T1 JOIN FLIGHTS AS T2 ON T1.uid  =  T2.Airline WHERE T2.SourceAirport  =  ""APG"" INTERSECT SELECT T1.Airline FROM AIRLINES AS T1 JOIN FLIGHTS AS T2 ON T1.uid  =  T2.Airline WHERE T2.SourceAirport  =  ""CVO""",,SELECT T1.Airline FROM FLIGHTS AS T1 JOIN AIRLINES AS T2 ON T1.Airline  =  T2.Airline JOIN AIRPORTS AS T3 ON T1.SourceAirport  =  T3.AirportCode WHERE T3.AirportCode  =  'APG' INTERSECT SELECT T1.Airline FROM FLIGHTS AS T1 JOIN AIRLINES AS T2 ON T1.Airline  =  T2.Airline JOIN AIRPORTS AS T3 ON T1.DestAirport  =  T3.AirportCode,True,SELECT T1.Airline FROM Flights AS T1 JOIN Airlines AS T2 ON T1.Airline  =  T2.UID WHERE T1.DestAirport  =  'APG' INTERSECT SELECT T1.Airline FROM Flights AS T1 JOIN Airlines AS T2 ON T1.Airline  =  T2.UID WHERE T1.DestAirport  =  'CVO',True,4,complex
239,Find all airlines that have flights from airport 'CVO' but not from 'APG'.,flight_2,"SELECT T1.Airline FROM AIRLINES AS T1 JOIN FLIGHTS AS T2 ON T1.uid  =  T2.Airline WHERE T2.SourceAirport  =  ""CVO"" EXCEPT SELECT T1.Airline FROM AIRLINES AS T1 JOIN FLIGHTS AS T2 ON T1.uid  =  T2.Airline WHERE T2.SourceAirport  =  ""APG""",,SELECT T1.Airline FROM FLIGHTS AS T1 JOIN AIRPLINES AS T2 ON T1.Airline  =  T2.Airline WHERE T1.SourceAirport  =  'CVO' EXCEPT SELECT T1.Airline FROM FLIGHTS AS T1 JOIN AIRPLINES AS T2 ON T1.Airline  =  T2.Airline WHERE T1.SourceAirport  =  'APG',False,SELECT T1.Airline FROM Flights AS T1 JOIN Airlines AS T2 ON T1.Airline  =  T2.uid WHERE T1.SourceAirport  =  'CVO' EXCEPT SELECT T1.Airline FROM Flights AS T1 JOIN Airlines AS T2 ON T1.Airline  =  T2.uid WHERE T1.SourceAirport  =  'APG',True,4,complex
240,Which airlines have departures from CVO but not from APG airports?,flight_2,"SELECT T1.Airline FROM AIRLINES AS T1 JOIN FLIGHTS AS T2 ON T1.uid  =  T2.Airline WHERE T2.SourceAirport  =  ""CVO"" EXCEPT SELECT T1.Airline FROM AIRLINES AS T1 JOIN FLIGHTS AS T2 ON T1.uid  =  T2.Airline WHERE T2.SourceAirport  =  ""APG""",,SELECT T1.Airline FROM FLIGHTS AS T1 JOIN AIRPLINES AS T2 ON T1.Airline  =  T2.Airline WHERE T1.DestinationAirport  =  'APG' EXCEPT SELECT T1.Airline FROM FLIGHTS AS T1 JOIN AIRPLINES AS T2 ON T1.Airline  =  T2.Airline WHERE T1.DestinationAirport  =  'CVO',False,SELECT T1.Airline FROM Flights AS T1 JOIN Airlines AS T2 ON T1.Airline  =  T2.UID WHERE T1.SourceAirport  =  'CVO' EXCEPT SELECT T1.Airline FROM Flights AS T1 JOIN Airlines AS T2 ON T1.Airline  =  T2.UID WHERE T1.SourceAirport  =  'APG',True,4,complex
241,Find all airlines that have at least 10 flights.,flight_2,SELECT T1.Airline FROM AIRLINES AS T1 JOIN FLIGHTS AS T2 ON T1.uid  =  T2.Airline GROUP BY T1.Airline HAVING count(*)  >  10,,SELECT airline FROM airlines GROUP BY airline HAVING count(*)  >=  10,False,SELECT T1.Airline FROM Flights AS T1 JOIN Airlines AS T2 ON T1.Airline  =  T2.UID GROUP BY T1.Airline HAVING count(*)  >=  10,False,4,complex
242,Which airlines have at least 10 flights?,flight_2,SELECT T1.Airline FROM AIRLINES AS T1 JOIN FLIGHTS AS T2 ON T1.uid  =  T2.Airline GROUP BY T1.Airline HAVING count(*)  >  10,,SELECT airline FROM airlines GROUP BY airline HAVING count(*)  >=  10,False,SELECT airline FROM airlines WHERE airline_id  IN (SELECT airline_id FROM flights GROUP BY airline_id HAVING count(*)  >=  10),False,4,complex
243,Find all airlines that have fewer than 200 flights.,flight_2,SELECT T1.Airline FROM AIRLINES AS T1 JOIN FLIGHTS AS T2 ON T1.uid  =  T2.Airline GROUP BY T1.Airline HAVING count(*)  <  200,,SELECT airline FROM airlines WHERE airline  <  (SELECT airline FROM flights GROUP BY airline HAVING count(*)  <  200),False,SELECT Airline FROM AIRLINES WHERE uid NOT IN (SELECT Airline FROM FLIGHTS GROUP BY Airline HAVING count(*)  <  200),False,4,complex
244,Which airlines have less than 200 flights?,flight_2,SELECT T1.Airline FROM AIRLINES AS T1 JOIN FLIGHTS AS T2 ON T1.uid  =  T2.Airline GROUP BY T1.Airline HAVING count(*)  <  200,,SELECT airline FROM FLIGHTS GROUP BY airline HAVING count(*)  <  200,False,SELECT airline FROM FLIGHTS GROUP BY airline HAVING count(*)  <  200,False,4,complex
245,"What are flight numbers of Airline ""United Airlines""?",flight_2,"SELECT T1.FlightNo FROM FLIGHTS AS T1 JOIN AIRLINES AS T2 ON T2.uid  =  T1.Airline WHERE T2.Airline  =  ""United Airlines""",,"SELECT FlightNo FROM Flights WHERE Airline  =  ""United Airlines""",False,"SELECT T2.flightno FROM flights AS T1 JOIN airlines AS T2 ON T1.airline  =  T2.airline WHERE T1.airline  =  ""United Airlines""",False,1,moderate
246,Which flight numbers correspond to United Airlines flights?,flight_2,"SELECT T1.FlightNo FROM FLIGHTS AS T1 JOIN AIRLINES AS T2 ON T2.uid  =  T1.Airline WHERE T2.Airline  =  ""United Airlines""",,SELECT flightno FROM flights WHERE airline  =  'United',False,"SELECT FlightNo FROM Flights WHERE Airline  =  ""United""",False,1,moderate
247,"What are flight numbers of flights departing from Airport ""APG""?",flight_2,"SELECT FlightNo FROM FLIGHTS WHERE SourceAirport  =  ""APG""",,"SELECT FlightNo FROM Flights WHERE SourceAirport  =  ""APG""",True,"SELECT T2.flightno FROM flights AS T1 JOIN airports AS T2 ON T1.sourceairport  =  T2.airportcode WHERE T2.destairport  =  ""APG""",False,0,simple
248,Give the flight numbers of flights leaving from APG.,flight_2,"SELECT FlightNo FROM FLIGHTS WHERE SourceAirport  =  ""APG""",,"SELECT FlightNo FROM Flights WHERE SourceAirport  =  ""APG""",True,"SELECT FlightNo FROM Flights WHERE SourceAirport  =  ""APG""",True,0,simple
249,"What are flight numbers of flights arriving at Airport ""APG""?",flight_2,"SELECT FlightNo FROM FLIGHTS WHERE DestAirport  =  ""APG""",,"SELECT FlightNo FROM Flights WHERE DestAirport  =  ""APG""",True,"SELECT T2.flite FROM flights AS T1 JOIN airports AS T2 ON T1.sourceairport  =  T2.airportcode WHERE T2.destairport  =  ""APG""",False,0,simple
250,Give the flight numbers of flights landing at APG.,flight_2,"SELECT FlightNo FROM FLIGHTS WHERE DestAirport  =  ""APG""",,"SELECT FlightNo FROM Flights WHERE DestAirport  =  ""APG""",True,"SELECT FlightNo FROM Flights WHERE DestAirport  =  ""APG""",True,0,simple
251,"What are flight numbers of flights departing from City ""Aberdeen ""?",flight_2,"SELECT T1.FlightNo FROM FLIGHTS AS T1 JOIN AIRPORTS AS T2 ON T1.SourceAirport   =  T2.AirportCode WHERE T2.City  =  ""Aberdeen""",,"SELECT FlightNo FROM Flights WHERE SourceAirport  =  ""Aberdeen""",True,"SELECT T2.flite FROM flights AS T1 JOIN airports AS T2 ON T1.sourceairport  =  T2.airportcode WHERE T2.city  =  ""Aberdeen""",False,1,moderate
252,Give the flight numbers of flights leaving from Aberdeen.,flight_2,"SELECT T1.FlightNo FROM FLIGHTS AS T1 JOIN AIRPORTS AS T2 ON T1.SourceAirport   =  T2.AirportCode WHERE T2.City  =  ""Aberdeen""",,SELECT FlightNo FROM Flights WHERE SourceAirport  =  'Aberdeen',True,"SELECT FlightNo FROM Flights WHERE SourceAirport  =  ""Aberdeen""",True,1,moderate
253,"What are flight numbers of flights arriving at City ""Aberdeen""?",flight_2,"SELECT T1.FlightNo FROM FLIGHTS AS T1 JOIN AIRPORTS AS T2 ON T1.DestAirport   =  T2.AirportCode WHERE T2.City  =  ""Aberdeen""",,"SELECT T2.FlightNo FROM Flights AS T1 JOIN Airports AS T2 ON T1.SourceAirport  =  T2.AirportCode WHERE T2.City  =  ""Aberdeen""",False,"SELECT T2.flite FROM flights AS T1 JOIN airports AS T2 ON T1.sourceairport  =  T2.airportcode WHERE T2.city  =  ""Aberdeen""",False,1,moderate
254,Give the flight numbers of flights arriving in Aberdeen.,flight_2,"SELECT T1.FlightNo FROM FLIGHTS AS T1 JOIN AIRPORTS AS T2 ON T1.DestAirport   =  T2.AirportCode WHERE T2.City  =  ""Aberdeen""",,"SELECT T2.FlightNo FROM Flights AS T1 JOIN Airports AS T2 ON T1.SourceAirport  =  T2.AirportCode WHERE T2.City  =  ""Aberdeen""",False,"SELECT T2.flight_no FROM flights AS T1 JOIN airports AS T2 ON T1.source_airport  =  T2.airportcode WHERE T2.city  =  ""Aberdeen""",False,1,moderate
255,Find the number of flights landing in the city of Aberdeen or Abilene.,flight_2,"SELECT count(*) FROM Flights AS T1 JOIN Airports AS T2 ON T1.DestAirport  =  T2.AirportCode WHERE T2.city  =  ""Aberdeen"" OR T2.city  =  ""Abilene""",,SELECT count(*) FROM flights WHERE destairport  =  'Aberdeen' OR destairport  =  'Abilene',True,SELECT count(*) FROM flights WHERE destairport  =  'Aberdeen' OR destairport  =  'Abilene',True,3,complex
256,How many flights land in Aberdeen or Abilene?,flight_2,"SELECT count(*) FROM Flights AS T1 JOIN Airports AS T2 ON T1.DestAirport  =  T2.AirportCode WHERE T2.city  =  ""Aberdeen"" OR T2.city  =  ""Abilene""",,SELECT count(*) FROM flights WHERE destairport  =  'Aberdeen' OR destairport  =  'Abilene',True,SELECT count(*) FROM flights WHERE destairport  =  'Aberdeen' OR destairport  =  'Abilene',True,3,complex
257,Find the name of airports which do not have any flight in and out.,flight_2,SELECT AirportName FROM Airports WHERE AirportCode NOT IN (SELECT SourceAirport FROM Flights UNION SELECT DestAirport FROM Flights),,SELECT T2.AirportName FROM airports AS T1 JOIN airports AS T2 ON T1.AirportCode  =  T2.AirportCode EXCEPT SELECT T1.AirportName FROM airports AS T1 JOIN flights AS T2 ON T1.AirportCode  =  T2.SourceAirport UNION SELECT T1.AirportName FROM airports AS T1 JOIN flights AS T2 ON T1.AirportCode  =  T2.DestAirport,True,SELECT T2.AirportName FROM airports AS T1 JOIN flights AS T2 ON T1.AirportCode  =  T2.SourceAirport INTERSECT SELECT T2.AirportName FROM airports AS T1 JOIN flights AS T2 ON T1.AirportCode  =  T2.DestAirport,False,3,complex
258,Which airports do not have departing or arriving flights?,flight_2,SELECT AirportName FROM Airports WHERE AirportCode NOT IN (SELECT SourceAirport FROM Flights UNION SELECT DestAirport FROM Flights),,SELECT City FROM airports EXCEPT SELECT SourceAirport FROM flights UNION SELECT DestAirport FROM flights,False,SELECT AirportName FROM airports EXCEPT SELECT T1.DestAirport FROM airports AS T1 JOIN flights AS T2 ON T1.AirportCode  =  T2.DestAirport EXCEPT SELECT T1.SourceAirport FROM airports AS T1 JOIN flights AS T2 ON T1.AirportCode  =  T2.SourceAirport,False,3,complex
259,How many employees are there?,employee_hire_evaluation,SELECT count(*) FROM employee,,SELECT count(*) FROM employee,True,SELECT count(*) FROM employee,True,1,moderate
260,Count the number of employees,employee_hire_evaluation,SELECT count(*) FROM employee,,SELECT count(*) FROM employee,True,SELECT count(*) FROM employee,True,1,moderate
261,Sort employee names by their age in ascending order.,employee_hire_evaluation,SELECT name FROM employee ORDER BY age,,SELECT name FROM employee ORDER BY age ASC,True,SELECT name FROM employee ORDER BY age ASC,True,0,simple
262,List the names of employees and sort in ascending order of age.,employee_hire_evaluation,SELECT name FROM employee ORDER BY age,,SELECT name FROM employee ORDER BY age ASC,True,SELECT name FROM employee ORDER BY age ASC,True,0,simple
263,What is the number of employees from each city?,employee_hire_evaluation,"SELECT count(*) ,  city FROM employee GROUP BY city",,"SELECT city ,  count(*) FROM employee GROUP BY city",False,"SELECT city ,  count(*) FROM employee GROUP BY city",False,2,moderate
264,Count the number of employees for each city.,employee_hire_evaluation,"SELECT count(*) ,  city FROM employee GROUP BY city",,"SELECT count(*) ,  city FROM employee GROUP BY city",True,"SELECT count(*) ,  city FROM employee GROUP BY city",True,2,moderate
265,Which cities do more than one employee under age 30 come from?,employee_hire_evaluation,SELECT city FROM employee WHERE age  <  30 GROUP BY city HAVING count(*)  >  1,,SELECT city FROM employee WHERE age  <  30 GROUP BY city HAVING count(*)  >  1,True,SELECT city FROM employee WHERE age  <  30 GROUP BY city HAVING count(*)  >  1,True,3,complex
266,Find the cities that have more than one employee under age 30.,employee_hire_evaluation,SELECT city FROM employee WHERE age  <  30 GROUP BY city HAVING count(*)  >  1,,SELECT city FROM employee GROUP BY city HAVING count(*)  >  1 AND min(age)  <  30,False,SELECT city FROM employee WHERE age  <  30 GROUP BY city HAVING count(*)  >  1,True,3,complex
267,Find the number of shops in each location.,employee_hire_evaluation,"SELECT count(*) ,  LOCATION FROM shop GROUP BY LOCATION",,"SELECT count(*) ,  location FROM shop GROUP BY location",True,"SELECT count(*) ,  location FROM shop GROUP BY location",True,2,moderate
268,How many shops are there in each location?,employee_hire_evaluation,"SELECT count(*) ,  LOCATION FROM shop GROUP BY LOCATION",,"SELECT Location ,  COUNT(*) FROM shop GROUP BY Location",False,"SELECT count(*) ,  location FROM shop GROUP BY location",True,2,moderate
269,Find the manager name and district of the shop whose number of products is the largest.,employee_hire_evaluation,"SELECT manager_name ,  district FROM shop ORDER BY number_products DESC LIMIT 1",,"SELECT T2.Manager_name ,  T2.District FROM shop AS T1 JOIN hiring AS T2 ON T1.Shop_ID  =  T2.Shop_ID GROUP BY T1.Shop_ID ORDER BY count(*) DESC LIMIT 1",False,"SELECT T2.District ,  T2.Manager_name FROM shop AS T1 JOIN hiring AS T2 ON T1.Shop_ID  =  T2.Shop_ID JOIN evaluation AS T3 ON T2.Employee_ID  =  T3.Employee_ID GROUP BY T1.Shop_ID ORDER BY count(*) DESC LIMIT 1",False,0,simple
270,What are the manager name and district of the shop that sells the largest number of products?,employee_hire_evaluation,"SELECT manager_name ,  district FROM shop ORDER BY number_products DESC LIMIT 1",,"SELECT T2.manager_name ,  T2.district FROM shop AS T1 JOIN hiring AS T2 ON T1.shop_id  =  T2.shop_id GROUP BY T1.shop_id ORDER BY count(*) DESC LIMIT 1",False,"SELECT T2.District ,  T2.Manager_name FROM shop AS T1 JOIN hiring AS T2 ON T1.Shop_ID  =  T2.Shop_ID JOIN evaluation AS T3 ON T2.Employee_ID  =  T3.Employee_ID GROUP BY T1.Shop_ID ORDER BY count(*) DESC LIMIT 1",False,0,simple
271,find the minimum and maximum number of products of all stores.,employee_hire_evaluation,"SELECT min(Number_products) ,  max(Number_products) FROM shop",,"SELECT min(Number_products) ,  max(Number_products) FROM shop",True,"SELECT min(Number_products) ,  max(Number_products) FROM shop",True,2,moderate
272,What are the minimum and maximum number of products across all the shops?,employee_hire_evaluation,"SELECT min(Number_products) ,  max(Number_products) FROM shop",,"SELECT min(Number_products) ,  max(Number_products) FROM shop",True,"SELECT min(Number_products) ,  max(Number_products) FROM shop",True,2,moderate
273,"Return the name, location and district of all shops in descending order of number of products.",employee_hire_evaluation,"SELECT name ,  LOCATION ,  district FROM shop ORDER BY number_products DESC",,"SELECT T2.Name ,  T2.Location ,  T2.District FROM shop AS T1 JOIN hiring AS T2 ON T1.Shop_ID  =  T2.Shop_ID ORDER BY T1.Number_products DESC",False,"SELECT T2.Name ,  T2.Location ,  T2.District FROM shop AS T1 JOIN hiring AS T2 ON T1.Shop_ID  =  T2.Shop_ID ORDER BY T1.Number_products DESC",False,0,simple
274,"Sort all the shops by number products in descending order, and return the name, location and district of each shop.",employee_hire_evaluation,"SELECT name ,  LOCATION ,  district FROM shop ORDER BY number_products DESC",,"SELECT T1.Name ,  T1.Location ,  T1.District FROM shop AS T1 ORDER BY T1.Number_products DESC",True,"SELECT T2.name ,  T2.location ,  T2.district FROM shop AS T1 JOIN hiring AS T2 ON T1.shop_id  =  T2.shop_id ORDER BY T1.number_products DESC",False,0,simple
275,Find the names of stores whose number products is more than the average number of products.,employee_hire_evaluation,SELECT name FROM shop WHERE number_products  >  (SELECT avg(number_products) FROM shop),,SELECT T1.Name FROM shop AS T1 JOIN hiring AS T2 ON T1.Shop_ID  =  T2.Shop_ID GROUP BY T1.Shop_ID HAVING AVG(T2.Number_products)  <  T1.Number_products,False,SELECT T2.Name FROM shop AS T1 JOIN hiring AS T2 ON T1.Shop_ID  =  T2.Shop_ID GROUP BY T1.Shop_ID HAVING count(*)  >  (SELECT avg(T3.number_products) FROM shop AS T3),False,2,moderate
276,Which shops' number products is above the average? Give me the shop names.,employee_hire_evaluation,SELECT name FROM shop WHERE number_products  >  (SELECT avg(number_products) FROM shop),,SELECT T1.Name FROM shop AS T1 JOIN hiring AS T2 ON T1.Shop_ID  =  T2.Shop_ID GROUP BY T1.Shop_ID HAVING AVG(T2.Number_products)  <  T1.Number_products,False,SELECT T2.Name FROM shop AS T1 JOIN hiring AS T2 ON T1.Shop_ID  =  T2.Shop_ID GROUP BY T1.Shop_ID HAVING count(*)  >  (SELECT avg(T3.number_products) FROM shop AS T3),False,2,moderate
277,find the name of employee who was awarded the most times in the evaluation.,employee_hire_evaluation,SELECT t1.name FROM employee AS t1 JOIN evaluation AS t2 ON t1.Employee_ID  =  t2.Employee_ID GROUP BY t2.Employee_ID ORDER BY count(*) DESC LIMIT 1,,SELECT T1.Name FROM evaluation AS T1 JOIN employee AS T2 ON T1.Employee_ID  =  T2.Employee_ID GROUP BY T1.Employee_ID ORDER BY count(*) DESC LIMIT 1,False,SELECT T1.name FROM evaluation AS T1 JOIN hiring AS T2 ON T1.Employee_ID  =  T2.Employee_ID GROUP BY T1.Employee_ID ORDER BY count(*) DESC LIMIT 1,False,3,complex
278,Which employee received the most awards in evaluations? Give me the employee name.,employee_hire_evaluation,SELECT t1.name FROM employee AS t1 JOIN evaluation AS t2 ON t1.Employee_ID  =  t2.Employee_ID GROUP BY t2.Employee_ID ORDER BY count(*) DESC LIMIT 1,,SELECT T1.Name FROM evaluation AS T1 JOIN employee AS T2 ON T1.Employee_ID  =  T2.Employee_ID GROUP BY T1.Employee_ID ORDER BY count(*) DESC LIMIT 1,False,SELECT T1.name FROM evaluation AS T1 JOIN hiring AS T2 ON T1.Employee_ID  =  T2.Employee_ID GROUP BY T1.Employee_ID ORDER BY count(*) DESC LIMIT 1,False,3,complex
279,Find the name of the employee who got the highest one time bonus.,employee_hire_evaluation,SELECT t1.name FROM employee AS t1 JOIN evaluation AS t2 ON t1.Employee_ID  =  t2.Employee_ID ORDER BY t2.bonus DESC LIMIT 1,,SELECT T1.name FROM evaluation AS T1 JOIN employee AS T2 ON T1.employee_id  =  T2.employee_id GROUP BY T1.employee_id ORDER BY T1.bonus DESC LIMIT 1,False,SELECT T1.name FROM evaluation AS T1 JOIN employee AS T2 ON T1.Employee_ID  =  T2.Employee_ID GROUP BY T1.Employee_ID ORDER BY T1.Bonus DESC LIMIT 1,False,1,moderate
280,Which employee received the biggest bonus? Give me the employee name.,employee_hire_evaluation,SELECT t1.name FROM employee AS t1 JOIN evaluation AS t2 ON t1.Employee_ID  =  t2.Employee_ID ORDER BY t2.bonus DESC LIMIT 1,,SELECT T1.Name FROM evaluation AS T1 JOIN employee AS T2 ON T1.Employee_ID  =  T2.Employee_ID ORDER BY T1.Bonus DESC LIMIT 1,False,SELECT T1.name FROM evaluation AS T1 JOIN hiring AS T2 ON T1.Employee_ID  =  T2.Employee_ID GROUP BY T1.Employee_ID ORDER BY T1.Bonus DESC LIMIT 1,False,1,moderate
281,Find the names of employees who never won any award in the evaluation.,employee_hire_evaluation,SELECT name FROM employee WHERE Employee_ID NOT IN (SELECT Employee_ID FROM evaluation),,SELECT T1.Name FROM employee AS T1 JOIN evaluation AS T2 ON T1.Employee_ID  =  T2.Employee_ID WHERE T2.Bonus  =  0,False,SELECT T1.name FROM evaluation AS T1 JOIN employee AS T2 ON T1.Employee_ID  =  T2.Employee_ID WHERE T1.Bonus  =  0,False,1,moderate
282,What are the names of the employees who never received any evaluation?,employee_hire_evaluation,SELECT name FROM employee WHERE Employee_ID NOT IN (SELECT Employee_ID FROM evaluation),,SELECT T1.Name FROM employee AS T1 JOIN evaluation AS T2 ON T1.Employee_ID  =  T2.Employee_ID WHERE T2.Bonus  =  0,False,SELECT T1.name FROM evaluation AS T1 JOIN employee AS T2 ON T1.Employee_ID  =  T2.Employee_ID WHERE T1.Bonus  =  0,False,1,moderate
283,What is the name of the shop that is hiring the largest number of employees?,employee_hire_evaluation,SELECT t2.name FROM hiring AS t1 JOIN shop AS t2 ON t1.shop_id  =  t2.shop_id GROUP BY t1.shop_id ORDER BY count(*) DESC LIMIT 1,,SELECT T1.Name FROM hiring AS T1 JOIN employee AS T2 ON T1.Employee_ID  =  T2.Employee_ID GROUP BY T1.Shop_ID ORDER BY count(*) DESC LIMIT 1,False,SELECT T1.name FROM shop AS T1 JOIN hiring AS T2 ON T1.shop_id  =  T2.shop_id GROUP BY T1.shop_id ORDER BY count(*) DESC LIMIT 1,True,3,complex
284,Which shop has the most employees? Give me the shop name.,employee_hire_evaluation,SELECT t2.name FROM hiring AS t1 JOIN shop AS t2 ON t1.shop_id  =  t2.shop_id GROUP BY t1.shop_id ORDER BY count(*) DESC LIMIT 1,,SELECT T1.Name FROM shop AS T1 JOIN hiring AS T2 ON T1.Shop_ID  =  T2.Shop_ID GROUP BY T1.Shop_ID ORDER BY count(*) DESC LIMIT 1,True,SELECT T1.Name FROM shop AS T1 JOIN hiring AS T2 ON T1.Shop_ID  =  T2.Shop_ID GROUP BY T1.Shop_ID ORDER BY count(*) DESC LIMIT 1,True,3,complex
285,Find the name of the shops that do not hire any employee.,employee_hire_evaluation,SELECT name FROM shop WHERE shop_id NOT IN (SELECT shop_id FROM hiring),,SELECT T1.Name FROM shop AS T1 JOIN hiring AS T2 ON T1.Shop_ID  =  T2.Shop_ID WHERE T2.Is_full_time  =  0,False,SELECT T2.Name FROM shop AS T1 JOIN hiring AS T2 ON T1.Shop_ID  =  T2.Shop_ID EXCEPT SELECT T2.Name FROM shop AS T1 JOIN hiring AS T2 ON T1.Shop_ID  =  T2.Shop_ID,False,1,moderate
286,Which shops run with no employees? Find the shop names,employee_hire_evaluation,SELECT name FROM shop WHERE shop_id NOT IN (SELECT shop_id FROM hiring),,SELECT T1.Name FROM shop AS T1 JOIN hiring AS T2 ON T1.Shop_ID  =  T2.Shop_ID WHERE T2.Is_full_time  =  0,False,SELECT T1.Name FROM shop AS T1 JOIN hiring AS T2 ON T1.Shop_ID  =  T2.Shop_ID WHERE T2.Number_products  =  0,False,1,moderate
287,Find the number of employees hired in each shop; show the shop name as well.,employee_hire_evaluation,"SELECT count(*) ,  t2.name FROM hiring AS t1 JOIN shop AS t2 ON t1.shop_id  =  t2.shop_id GROUP BY t2.name",,"SELECT T1.shop_id ,  count(*) ,  T1.name FROM hiring AS T1 JOIN shop AS T2 ON T1.shop_id  =  T2.shop_id GROUP BY T1.shop_id",False,"SELECT count(*) ,  T1.name FROM hiring AS T1 JOIN shop AS T2 ON T1.shop_id  =  T2.shop_id GROUP BY T1.shop_id",False,3,complex
288,"For each shop, return the number of employees working there and the name of the shop.",employee_hire_evaluation,"SELECT count(*) ,  t2.name FROM hiring AS t1 JOIN shop AS t2 ON t1.shop_id  =  t2.shop_id GROUP BY t2.name",,"SELECT T2.number_products ,  T1.name FROM shop AS T1 JOIN hiring AS T2 ON T1.shop_id  =  T2.shop_id",False,"SELECT count(*) ,  name FROM shop GROUP BY name",False,3,complex
289,What is total bonus given in all evaluations?,employee_hire_evaluation,SELECT sum(bonus) FROM evaluation,,SELECT sum(bonus) FROM evaluation,True,SELECT sum(bonus) FROM evaluation,True,1,moderate
290,Find the total amount of bonus given in all the evaluations.,employee_hire_evaluation,SELECT sum(bonus) FROM evaluation,,SELECT sum(bonus) FROM evaluation,True,SELECT sum(bonus) FROM evaluation,True,1,moderate
291,Give me all the information about hiring.,employee_hire_evaluation,SELECT * FROM hiring,,SELECT * FROM hiring,True,SELECT * FROM hiring,True,0,simple
292,What is all the information about hiring?,employee_hire_evaluation,SELECT * FROM hiring,,SELECT * FROM hiring,True,SELECT * FROM hiring,True,0,simple
293,Which district has both stores with less than 3000 products and stores with more than 10000 products?,employee_hire_evaluation,SELECT district FROM shop WHERE Number_products  <  3000 INTERSECT SELECT district FROM shop WHERE Number_products  >  10000,,SELECT T2.District FROM shop AS T1 JOIN evaluation AS T2 ON T1.Shop_ID  =  T2.Shop_ID WHERE T1.Number_products  <  3000 INTERSECT SELECT T2.District FROM shop AS T1 JOIN evaluation AS T2 ON T1.Shop_ID  =  T2.Shop_ID WHERE T1.Number_products  >  10000,False,SELECT T1.District FROM shop AS T1 JOIN hiring AS T2 ON T1.Shop_ID  =  T2.Shop_ID WHERE T1.District  =  'Central' INTERSECT SELECT T1.District FROM shop AS T1 JOIN hiring AS T2 ON T1.Shop_ID  =  T2.Shop_ID WHERE T1.District  =  'Central',True,2,moderate
294,Find the districts in which there are both shops selling less than 3000 products and shops selling more than 10000 products.,employee_hire_evaluation,SELECT district FROM shop WHERE Number_products  <  3000 INTERSECT SELECT district FROM shop WHERE Number_products  >  10000,,SELECT DISTINCT T1.District FROM shop AS T1 JOIN hiring AS T2 ON T1.Shop_ID  =  T2.Shop_ID WHERE T1.Number_products  <  3000 INTERSECT SELECT DISTINCT T1.District FROM shop AS T1 JOIN hiring AS T2 ON T1.Shop_ID  =  T2.Shop_ID WHERE T1.Number_products  >  10000,True,SELECT DISTINCT district FROM shop WHERE Number_products  <  3000 INTERSECT SELECT DISTINCT district FROM shop WHERE Number_products  >  10000,True,2,moderate
295,How many different store locations are there?,employee_hire_evaluation,SELECT count(DISTINCT LOCATION) FROM shop,,SELECT count(DISTINCT Location) FROM shop,True,SELECT count(DISTINCT location) FROM shop,True,1,moderate
296,Count the number of distinct store locations.,employee_hire_evaluation,SELECT count(DISTINCT LOCATION) FROM shop,,SELECT count(DISTINCT location) FROM shop,True,SELECT count(DISTINCT location) FROM shop,True,1,moderate
297,How many documents do we have?,cre_Doc_Template_Mgt,SELECT count(*) FROM Documents,,SELECT count(*) FROM DOCUMENTS,True,SELECT count(*) FROM Documents,True,1,moderate
298,Count the number of documents.,cre_Doc_Template_Mgt,SELECT count(*) FROM Documents,,SELECT count(*) FROM DOCUMENTS,True,SELECT count(*) FROM Documents,True,1,moderate
299,"List document IDs, document names, and document descriptions for all documents.",cre_Doc_Template_Mgt,"SELECT document_id ,  document_name ,  document_description FROM Documents",,"SELECT Document_ID ,  Document_Name ,  Document_Description FROM Documents",True,"SELECT Document_ID ,  Document_Name ,  Document_Description FROM Documents",True,0,simple
